id,web_name,first_name,second_name,element_type,team,now_cost,form,total_points,minutes,goals_scored,assists,clean_sheets,saves,selected_by_percent,influence,creativity,threat,position,cost
1,Raya,David,Raya Martín,1,1,55,0.0,142,3420,0,0,13,86,18.1,755.4,10.7,0.0,GK,5.5
2,Arrizabalaga,Kepa,Arrizabalaga Revuelta,1,1,45,0.0,106,2790,0,0,8,97,1.0,744.4,10.4,4.0,GK,4.5
3,Hein,Karl,Hein,1,1,40,0.0,0,0,0,0,0,0,0.6,0.0,0.0,0.0,GK,4.0
4,Setford,Tommy,Setford,1,1,40,0.0,0,0,0,0,0,0,0.2,0.0,0.0,0.0,GK,4.0
5,Gabriel,Gabriel,dos Santos Magalhães,2,1,60,0.0,117,2363,3,2,10,0,22.2,584.6,208.8,287.0,DEF,6.0
6,Saliba,William,Saliba,2,1,60,0.0,130,3039,2,0,12,0,14.0,672.6,150.1,116.0,DEF,6.0
7,Calafiori,Riccardo,Calafiori,2,1,55,0.0,39,978,2,1,1,0,0.6,252.6,118.2,176.0,DEF,5.5
8,J.Timber,Jurriën,Timber,2,1,55,0.0,114,2415,1,3,11,0,2.2,393.0,296.8,254.0,DEF,5.5
9,Kiwior,Jakub,Kiwior,2,1,55,0.0,43,1117,1,0,3,0,0.1,267.2,91.3,32.0,DEF,5.5
10,Lewis-Skelly,Myles,Lewis-Skelly,2,1,55,0.0,37,1362,1,0,5,0,5.5,176.0,170.7,57.0,DEF,5.5
11,White,Benjamin,White,2,1,55,0.0,50,1195,0,2,5,0,0.9,247.6,162.6,100.0,DEF,5.5
12,Zinchenko,Oleksandr,Zinchenko,2,1,50,0.0,40,518,0,1,4,0,0.3,83.4,92.8,66.0,DEF,5.0
13,Clarke,Brayden,Clarke,2,1,40,0.0,0,0,0,0,0,0,0.6,0.0,0.0,0.0,DEF,4.0
14,Kacurri,Maldini,Kacurri,2,1,40,0.0,0,0,0,0,0,0,0.2,0.0,0.0,0.0,DEF,4.0
15,Nichols,Josh,Nichols,2,1,40,0.0,0,0,0,0,0,0,0.2,0.0,0.0,0.0,DEF,4.0
16,Saka,Bukayo,Saka,3,1,100,0.0,127,1724,6,11,7,0,15.3,606.0,842.8,830.0,MID,10.0
17,Ødegaard,Martin,Ødegaard,3,1,80,0.0,116,2321,3,9,11,0,3.3,524.6,968.7,493.0,MID,8.0
18,Madueke,Noni,Madueke,3,1,70,0.0,120,2028,7,5,6,0,1.6,479.2,475.1,998.0,MID,7.0
19,Martinelli,Gabriel,Martinelli Silva,3,1,70,0.0,125,2284,8,4,10,0,1.4,559.8,587.8,912.0,MID,7.0
20,Trossard,Leandro,Trossard,3,1,70,0.0,152,2546,8,8,11,0,1.5,609.0,617.6,798.0,MID,7.0
21,Rice,Declan,Rice,3,1,65,0.0,127,2823,4,7,11,0,7.4,733.0,959.6,399.0,MID,6.5
22,Merino,Mikel,Merino Zazón,3,1,60,0.0,92,1575,7,2,4,0,0.9,456.8,265.8,511.0,MID,6.0
23,Fábio Vieira,Fábio,Ferreira Vieira,3,1,55,0.0,0,0,0,0,0,0,0.1,0.0,0.0,0.0,MID,5.5
24,Nørgaard,Christian,Nørgaard,3,1,55,0.0,107,2820,5,5,6,0,0.7,735.4,333.0,409.0,MID,5.5
25,Nwaneri,Ethan,Nwaneri,3,1,55,0.0,66,882,4,2,4,0,0.4,293.2,282.8,255.0,MID,5.5
26,Zubimendi,Martín,Zubimendi Ibáñez,3,1,55,0.0,0,0,0,0,0,0,1.6,0.0,0.0,0.0,MID,5.5
27,Nelson,Reiss,Nelson,3,1,50,0.0,27,483,1,1,1,0,0.2,131.6,223.9,195.0,MID,5.0
28,Kabia,Ismeal,Kabia,3,1,45,0.0,0,0,0,0,0,0,0.3,0.0,0.0,0.0,MID,4.5
29,Sambi,Albert,Sambi Lokonga,3,1,45,0.0,0,0,0,0,0,0,0.2,0.0,0.0,0.0,MID,4.5
30,Havertz,Kai,Havertz,4,1,75,0.0,97,1872,9,3,7,0,1.4,467.6,269.0,711.0,FWD,7.5
31,G.Jesus,Gabriel,Fernando de Jesus,4,1,65,0.0,42,600,3,2,2,0,0.0,154.4,119.5,255.0,FWD,6.5
662,Mosquera,Cristhian,Mosquera,2,1,55,0.0,0,0,0,0,0,0,0.1,0.0,0.0,0.0,DEF,5.5
666,Gyökeres,Viktor,Gyökeres,4,1,90,0.0,0,0,0,0,0,0,23.6,0.0,0.0,0.0,FWD,9.0
32,Martinez,Emiliano,Martínez Romero,1,2,50,0.0,111,3195,0,0,8,100,0.5,839.6,20.0,0.0,GK,5.0
33,M.Bizot,Marco,Bizot,1,2,45,0.0,0,0,0,0,0,0,0.3,0.0,0.0,0.0,GK,4.5
34,Gauci,Joe,Gauci,1,2,40,0.0,0,0,0,0,0,0,1.1,0.0,0.0,0.0,GK,4.0
35,Marschall,Filip,Marschall,1,2,40,0.0,0,0,0,0,0,0,0.1,0.0,0.0,0.0,GK,4.0
36,Cash,Matty,Cash,2,2,45,0.0,76,2069,1,1,7,0,1.7,359.2,181.0,171.0,DEF,4.5
37,Digne,Lucas,Digne,2,2,45,0.0,89,2348,0,5,6,0,1.7,512.6,583.9,112.0,DEF,4.5
38,Konsa,Ezri,Konsa Ngoyo,2,2,45,0.0,103,2936,2,0,8,0,23.4,532.8,123.9,166.0,DEF,4.5
39,Maatsen,Ian,Maatsen,2,2,45,0.0,57,1125,1,2,3,0,0.9,252.0,293.4,197.0,DEF,4.5
40,Mings,Tyrone,Mings,2,2,45,0.0,47,1119,0,1,4,0,0.5,220.4,49.2,74.0,DEF,4.5
41,Pau,Pau,Torres,2,2,45,0.0,55,2019,0,0,5,0,0.4,350.6,84.5,102.0,DEF,4.5
42,A.García,Andrés,García,2,2,40,0.0,8,316,0,0,0,0,1.0,45.6,68.4,7.0,DEF,4.0
43,Alex Moreno,Álex,Moreno Lopera,2,2,40,0.0,34,952,0,1,3,0,11.4,200.8,134.5,29.0,DEF,4.0
44,Bogarde,Lamare,Bogarde,2,2,40,0.0,6,473,0,0,0,0,0.4,84.8,33.3,15.0,DEF,4.0
45,Sousa,Lino,da Cruz Sousa,2,2,40,0.0,0,0,0,0,0,0,0.3,0.0,0.0,0.0,DEF,4.0
46,Yasin,Yasin,Özcan,2,2,40,0.0,0,0,0,0,0,0,0.3,0.0,0.0,0.0,DEF,4.0
47,Rogers,Morgan,Rogers,3,2,70,0.0,161,3115,8,11,10,0,24.3,731.6,722.7,689.0,MID,7.0
48,Tielemans,Youri,Tielemans,3,2,60,0.0,121,3025,3,7,7,0,1.7,799.6,963.1,333.0,MID,6.0
49,Bailey,Leon,Bailey,3,2,55,0.0,47,1132,1,2,2,0,0.5,146.4,235.8,325.0,MID,5.5
50,Buendía,Emiliano,Buendía Stati,3,2,55,0.0,11,89,0,0,0,0,0.1,16.4,23.2,16.0,MID,5.5
51,Iling Jr,Samuel,Iling-Junior,3,2,55,0.0,0,0,0,0,0,0,0.0,0.0,0.0,0.0,MID,5.5
52,J.Ramsey,Jacob,Ramsey,3,2,55,0.0,66,1616,1,4,5,0,0.6,235.4,307.9,245.0,MID,5.5
53,Malen,Donyell,Malen,3,2,55,0.0,34,296,3,0,0,0,2.8,138.2,42.7,208.0,MID,5.5
54,McGinn,John,McGinn,3,2,55,0.0,78,2217,1,4,8,0,0.6,277.2,500.6,263.0,MID,5.5
55,Barkley,Ross,Barkley,3,2,50,0.0,44,567,3,1,1,0,0.3,215.4,128.1,206.0,MID,5.0
56,Barrenechea,Enzo,Barrenechea,3,2,50,0.0,0,0,0,0,0,0,0.0,0.0,0.0,0.0,MID,5.0
57,Dobbin,Lewis,Dobbin,3,2,50,0.0,0,0,0,0,0,0,0.1,0.0,0.0,0.0,MID,5.0
58,Kamara,Boubacar,Kamara,3,2,50,0.0,57,1720,1,0,6,0,0.2,326.6,191.0,83.0,MID,5.0
59,Onana,Amadou,Onana,3,2,50,0.0,65,1613,3,0,6,0,1.7,358.0,194.8,215.0,MID,5.0
60,Broggio,Ben,Broggio,3,2,45,0.0,0,0,0,0,0,0,0.3,0.0,0.0,0.0,MID,4.5
61,Dendoncker,Leander,Dendoncker,3,2,45,0.0,0,0,0,0,0,0,0.4,0.0,0.0,0.0,MID,4.5
62,Jimoh-Aloba,Jamaldeen,Jimoh-Aloba,3,2,45,0.0,0,0,0,0,0,0,0.1,0.0,0.0,0.0,MID,4.5
63,Young,Kadan,Young,3,2,45,0.0,0,0,0,0,0,0,0.6,0.0,0.0,0.0,MID,4.5
64,Watkins,Ollie,Watkins,4,2,90,0.0,186,2593,16,8,10,0,15.9,766.0,345.2,1148.0,FWD,9.0
65,Redmond,Zépiqueno,Redmond,4,2,45,0.0,0,0,0,0,0,0,0.9,0.0,0.0,0.0,FWD,4.5
183,Weiss,Max,Weiß,1,3,45,0.0,0,0,0,0,0,0,0.2,0.0,0.0,0.0,GK,4.5
184,Green,Etienne,Green,1,3,40,0.0,0,0,0,0,0,0,0.5,0.0,0.0,0.0,GK,4.0
185,Hladký,Václav,Hladký,1,3,40,0.0,0,0,0,0,0,0,0.4,0.0,0.0,0.0,GK,4.0
186,Roberts,Connor,Roberts,2,3,45,0.0,0,0,0,0,0,0,0.1,0.0,0.0,0.0,DEF,4.5
187,Walker,Kyle,Walker,2,3,45,0.0,13,966,0,0,0,0,2.2,157.4,147.7,29.0,DEF,4.5
188,Delcroix,Hannes,Delcroix,2,3,40,0.0,0,0,0,0,0,0,0.5,0.0,0.0,0.0,DEF,4.0
189,Dodgson,Owen,Dodgson,2,3,40,0.0,0,0,0,0,0,0,0.3,0.0,0.0,0.0,DEF,4.0
190,Ekdal,Hjalmar,Ekdal,2,3,40,0.0,0,0,0,0,0,0,0.3,0.0,0.0,0.0,DEF,4.0
191,Estève,Maxime,Estève,2,3,40,0.0,0,0,0,0,0,0,12.5,0.0,0.0,0.0,DEF,4.0
192,Hartman,Quilindschy,Hartman,2,3,40,0.0,0,0,0,0,0,0,0.4,0.0,0.0,0.0,DEF,4.0
193,Humphreys,Bashir,Humphreys,2,3,40,0.0,0,0,0,0,0,0,0.3,0.0,0.0,0.0,DEF,4.0
194,Jordan,Jordan,Beyer,2,3,40,0.0,0,0,0,0,0,0,0.2,0.0,0.0,0.0,DEF,4.0
195,Lucas Pires,Lucas,Pires Silva,2,3,40,0.0,0,0,0,0,0,0,0.3,0.0,0.0,0.0,DEF,4.0
196,Sambo,Shurandy,Sambo,2,3,40,0.0,0,0,0,0,0,0,0.2,0.0,0.0,0.0,DEF,4.0
197,Sonne,Oliver,Sonne,2,3,40,0.0,0,0,0,0,0,0,0.2,0.0,0.0,0.0,DEF,4.0
198,Tuanzebe,Axel,Tuanzebe,2,3,40,0.0,27,1710,0,1,1,0,3.5,284.4,93.4,25.0,DEF,4.0
199,Worrall,Joe,Worrall,2,3,40,0.0,0,0,0,0,0,0,0.2,0.0,0.0,0.0,DEF,4.0
200,Anthony,Jaidon,Anthony,3,3,55,0.0,0,0,0,0,0,0,0.1,0.0,0.0,0.0,MID,5.5
201,Benson,Manuel,Benson Hedilazio,3,3,55,0.0,0,0,0,0,0,0,0.0,0.0,0.0,0.0,MID,5.5
202,Bruun Larsen,Jacob,Bruun Larsen,3,3,55,0.0,0,0,0,0,0,0,0.1,0.0,0.0,0.0,MID,5.5
203,Boateng,Enock,Agyei,3,3,50,0.0,0,0,0,0,0,0,0.1,0.0,0.0,0.0,MID,5.0
204,Churlinov,Darko,Churlinov,3,3,50,0.0,0,0,0,0,0,0,0.1,0.0,0.0,0.0,MID,5.0
205,Cullen,Josh,Cullen,3,3,50,0.0,0,0,0,0,0,0,0.1,0.0,0.0,0.0,MID,5.0
206,Edwards,Marcus,Edwards,3,3,50,0.0,0,0,0,0,0,0,0.2,0.0,0.0,0.0,MID,5.0
207,Hannibal,Hannibal,Mejbri,3,3,50,0.0,0,0,0,0,0,0,0.2,0.0,0.0,0.0,MID,5.0
208,Koleosho,Luca,Koleosho,3,3,50,0.0,0,0,0,0,0,0,0.1,0.0,0.0,0.0,MID,5.0
209,Laurent,Josh,Laurent,3,3,50,0.0,0,0,0,0,0,0,0.1,0.0,0.0,0.0,MID,5.0
210,Tchaouna,Loum,Tchaouna,3,3,50,0.0,0,0,0,0,0,0,0.1,0.0,0.0,0.0,MID,5.0
211,A.Ramsey,Aaron,Ramsey,3,3,45,0.0,0,0,0,0,0,0,12.7,0.0,0.0,0.0,MID,4.5
212,Adewumi,Oluwaseun,Adewumi,3,3,45,0.0,0,0,0,0,0,0,0.1,0.0,0.0,0.0,MID,4.5
213,Banel,Jaydon,Banel,3,3,45,0.0,0,0,0,0,0,0,0.0,0.0,0.0,0.0,MID,4.5
214,Trésor,Mike,Trésor Ndayishimiye,3,3,45,0.0,0,0,0,0,0,0,0.1,0.0,0.0,0.0,MID,4.5
215,Flemming,Zian,Flemming,4,3,55,0.0,0,0,0,0,0,0,0.2,0.0,0.0,0.0,FWD,5.5
216,Amdouni,Zeki,Amdouni,4,3,50,0.0,0,0,0,0,0,0,0.4,0.0,0.0,0.0,FWD,5.0
217,Foster,Lyle,Foster,4,3,50,0.0,0,0,0,0,0,0,0.4,0.0,0.0,0.0,FWD,5.0
218,Barnes,Ashley,Barnes,4,3,45,0.0,0,0,0,0,0,0,4.9,0.0,0.0,0.0,FWD,4.5
219,Obafemi,Michael,Obafemi,4,3,45,0.0,0,0,0,0,0,0,0.7,0.0,0.0,0.0,FWD,4.5
470,Dúbravka,Martin,Dúbravka,1,3,40,0.0,44,900,0,0,5,29,16.5,220.2,0.0,0.0,GK,4.0
676,Ugochukwu,Lesley,Ugochukwu,3,3,50,0.0,0,0,0,0,0,0,0.0,0.0,0.0,0.0,MID,5.0
66,Neto,Norberto,Murara Neto,1,4,45,0.0,7,180,0,0,0,11,1.2,77.8,0.0,0.0,GK,4.5
67,Petrović,Đorđe,Petrović,1,4,45,0.0,0,0,0,0,0,0,4.4,0.0,0.0,0.0,GK,4.5
68,Dennis,Will,Dennis,1,4,40,0.0,0,0,0,0,0,0,0.7,0.0,0.0,0.0,GK,4.0
69,McKenna,Callan,McKenna,1,4,40,0.0,0,0,0,0,0,0,0.2,0.0,0.0,0.0,GK,4.0
70,Paulsen,Alex,Paulsen,1,4,40,0.0,0,0,0,0,0,0,0.2,0.0,0.0,0.0,GK,4.0
71,Zabarnyi,Illia,Zabarnyi,2,4,50,0.0,94,3109,0,1,8,0,0.5,651.4,177.0,88.0,DEF,5.0
72,Senesi,Marcos,Senesi Barón,2,4,45,0.0,31,1103,0,0,2,0,0.7,271.6,84.2,39.0,DEF,4.5
73,Smith,Adam,Smith,2,4,45,0.0,57,1586,0,0,6,0,0.2,181.8,147.2,24.0,DEF,4.5
74,Truffert,Adrien,Truffert,2,4,45,0.0,0,0,0,0,0,0,1.3,0.0,0.0,0.0,DEF,4.5
75,Akinmboni,Matai,Akinmboni,2,4,40,0.0,0,0,0,0,0,0,0.4,0.0,0.0,0.0,DEF,4.0
76,Bevan,Owen,Bevan,2,4,40,0.0,0,0,0,0,0,0,0.3,0.0,0.0,0.0,DEF,4.0
77,Hill,James,Hill,2,4,40,0.0,17,443,0,1,1,0,0.7,97.0,38.4,29.0,DEF,4.0
78,J.Araujo,Julián,Araujo Zúñiga,2,4,40,0.0,12,492,0,0,0,0,1.3,56.8,30.6,4.0,DEF,4.0
79,Mepham,Chris,Mepham,2,4,40,0.0,0,0,0,0,0,0,0.3,0.0,0.0,0.0,DEF,4.0
80,Soler,Julio,Soler Barreto,2,4,40,0.0,3,9,0,0,0,0,0.3,2.2,1.8,0.0,DEF,4.0
81,Kluivert,Justin,Kluivert,3,4,70,0.0,158,2339,12,6,13,0,4.8,700.0,654.1,771.0,MID,7.0
82,Semenyo,Antoine,Semenyo,3,4,70,0.0,165,3202,11,7,11,0,5.1,792.2,688.9,1204.0,MID,7.0
83,O.Dango,Dango,Ouattara,3,4,60,0.0,111,1998,7,4,7,0,0.3,624.6,496.8,754.0,MID,6.0
84,Tavernier,Marcus,Tavernier,3,4,55,0.0,87,1932,3,7,4,0,0.4,447.0,664.8,442.0,MID,5.5
85,Adams,Tyler,Adams,3,4,50,0.0,58,1959,0,3,6,0,0.2,411.8,261.2,83.0,MID,5.0
86,Brooks,David,Brooks,3,4,50,0.0,52,941,2,1,3,0,0.2,193.6,316.7,300.0,MID,5.0
87,Christie,Ryan,Christie,3,4,50,0.0,76,2114,2,3,8,0,0.5,514.0,576.8,303.0,MID,5.0
88,Cook,Lewis,Cook,3,4,50,0.0,82,2976,1,4,5,0,0.0,607.0,727.1,114.0,MID,5.0
89,Philip,Philip,Billing,3,4,50,0.0,10,176,0,0,0,0,0.1,54.0,102.4,47.0,MID,5.0
90,Scott,Alex,Scott,3,4,50,0.0,26,745,0,0,3,0,0.1,141.6,171.6,118.0,MID,5.0
91,Sinisterra,Luis,Sinisterra Lucumí,3,4,50,0.0,23,229,1,1,0,0,0.2,112.0,115.3,195.0,MID,5.0
92,Faivre,Romain,Faivre,3,4,45,0.0,0,0,0,0,0,0,0.3,0.0,0.0,0.0,MID,4.5
93,H.Traorè,Hamed,Traorè,3,4,45,0.0,0,0,0,0,0,0,0.3,0.0,0.0,0.0,MID,4.5
94,Sadi,Dominic,Sadi,3,4,45,0.0,0,0,0,0,0,0,0.1,0.0,0.0,0.0,MID,4.5
95,Silcott-Duberry,Zain,Silcott-Duberry,3,4,45,0.0,1,1,0,0,0,0,0.3,2.0,1.0,0.0,MID,4.5
96,Winterburn,Ben,Winterburn,3,4,45,0.0,4,22,0,0,0,0,0.1,2.4,0.2,2.0,MID,4.5
97,Evanilson,Francisco Evanilson,de Lima Barbosa,4,4,70,0.0,128,2317,10,5,11,0,2.5,456.0,331.9,966.0,FWD,7.0
98,Enes Ünal,Enes,Ünal,4,4,55,0.0,32,330,2,1,2,0,0.0,104.0,56.1,207.0,FWD,5.5
99,Adu-Adjei,Daniel,Adu-Adjei,4,4,45,0.0,0,0,0,0,0,0,0.4,0.0,0.0,0.0,FWD,4.5
100,Kroupi.Jr,Eli Junior,Kroupi,4,4,45,0.0,0,0,0,0,0,0,1.4,0.0,0.0,0.0,FWD,4.5
101,Kelleher,Caoimhín,Kelleher,1,5,45,0.0,45,900,0,0,4,27,31.8,224.2,0.0,0.0,GK,4.5
102,Balcombe,Ellery,Balcombe,1,5,40,0.0,0,0,0,0,0,0,0.3,0.0,0.0,0.0,GK,4.0
103,Cox,Matthew,Cox,1,5,40,0.0,0,0,0,0,0,0,0.2,0.0,0.0,0.0,GK,4.0
104,Eyestone,Julian,Eyestone,1,5,40,0.0,0,0,0,0,0,0,0.1,0.0,0.0,0.0,GK,4.0
105,Valdimarsson,Hákon Rafn,Valdimarsson,1,5,40,0.0,2,144,0,0,0,3,1.9,21.4,0.1,0.0,GK,4.0
106,Collins,Nathan,Collins,2,5,50,0.0,127,3420,2,7,8,0,1.7,1023.2,160.5,311.0,DEF,5.0
107,Lewis-Potter,Keane,Lewis-Potter,2,5,50,0.0,94,3092,1,5,8,0,0.5,542.0,462.2,391.0,DEF,5.0
108,Ajer,Kristoffer,Ajer,2,5,45,0.0,39,1433,0,0,3,0,0.2,199.0,128.1,158.0,DEF,4.5
109,Henry,Rico,Henry,2,5,45,0.0,4,94,0,0,0,0,0.2,13.6,2.1,2.0,DEF,4.5
110,Kayode,Michael,Kayode,2,5,45,0.0,27,523,0,1,2,0,0.3,105.2,105.2,30.0,DEF,4.5
111,Pinnock,Ethan,Pinnock,2,5,45,0.0,47,1912,2,0,2,0,0.3,540.2,101.2,193.0,DEF,4.5
112,Roerslev,Mads,Roerslev Rasmussen,2,5,45,0.0,36,1100,0,2,2,0,0.1,214.4,185.8,78.0,DEF,4.5
113,Van den Berg,Sepp,van den Berg,2,5,45,0.0,62,2584,0,1,5,0,0.4,587.4,108.3,226.0,DEF,4.5
114,Arthur,Benjamin,Arthur,2,5,40,0.0,0,0,0,0,0,0,0.4,0.0,0.0,0.0,DEF,4.0
115,Fredrick,Benjamin,Fredrick,2,5,40,0.0,0,0,0,0,0,0,0.2,0.0,0.0,0.0,DEF,4.0
116,Hickey,Aaron,Hickey,2,5,40,0.0,0,0,0,0,0,0,0.8,0.0,0.0,0.0,DEF,4.0
117,Ji-soo,Kim,Ji-soo,2,5,40,0.0,3,28,0,0,0,0,0.2,5.0,0.8,0.0,DEF,4.0
118,Meghoma,Jayden,Meghoma,2,5,40,0.0,1,4,0,0,0,0,0.2,0.2,0.3,0.0,DEF,4.0
120,Schade,Kevin,Schade,3,5,70,0.0,149,2281,11,4,10,0,1.9,630.8,312.7,892.0,MID,7.0
121,Damsgaard,Mikkel,Damsgaard,3,5,60,0.0,131,2911,2,10,11,0,1.2,714.8,1006.4,338.0,MID,6.0
122,Milambo,Antoni,Milambo,3,5,55,0.0,0,0,0,0,0,0,0.1,0.0,0.0,0.0,MID,5.5
123,Carvalho,Fábio,Freitas Gouveia Carvalho,3,5,50,0.0,35,443,2,1,0,0,0.3,142.2,71.5,154.0,MID,5.0
124,Henderson,Jordan,Henderson,3,5,50,0.0,0,0,0,0,0,0,0.4,0.0,0.0,0.0,MID,5.0
125,Janelt,Vitaly,Janelt,3,5,50,0.0,73,2251,1,3,6,0,0.2,356.6,284.2,131.0,MID,5.0
126,Jensen,Mathias,Jensen,3,5,50,0.0,38,846,0,2,2,0,0.1,157.0,249.5,32.0,MID,5.0
127,Nunes,Gustavo,Nunes Fernandes Gomes,3,5,50,0.0,3,11,0,0,0,0,0.1,10.0,0.3,2.0,MID,5.0
128,Onyeka,Frank,Onyeka,3,5,50,0.0,2,23,0,0,0,0,0.1,0.0,0.5,0.0,MID,5.0
129,Yarmoliuk,Yehor,Yarmoliuk,3,5,50,0.0,43,1435,0,0,3,0,0.1,259.6,196.1,89.0,MID,5.0
130,Donovan,Romelle,Donovan,3,5,45,0.0,0,0,0,0,0,0,0.1,0.0,0.0,0.0,MID,4.5
131,Konak,Yunus Emre,Konak,3,5,45,0.0,10,53,0,0,0,0,0.2,8.0,4.5,3.0,MID,4.5
132,Maghoma,Paris,Maghoma,3,5,45,0.0,8,112,0,0,0,0,0.1,27.8,15.8,10.0,MID,4.5
133,Peart-Harris,Myles,Peart-Harris,3,5,45,0.0,0,0,0,0,0,0,0.0,0.0,0.0,0.0,MID,4.5
134,Trevitt,Ryan,Trevitt,3,5,45,0.0,1,3,0,0,0,0,0.1,2.6,0.1,0.0,MID,4.5
135,Wissa,Yoane,Wissa,4,5,75,0.0,185,2921,18,6,9,0,7.0,849.4,400.0,1181.0,FWD,7.5
136,Thiago,Igor Thiago,Nascimento Rodrigues,4,5,60,0.0,9,167,0,0,0,0,1.0,18.2,30.6,12.0,FWD,6.0
137,Morgan,Iwan,Morgan,4,5,45,0.0,0,0,0,0,0,0,0.6,0.0,0.0,0.0,FWD,4.5
138,Steele,Jason,Steele,1,6,45,0.0,9,180,0,0,1,3,0.4,40.4,0.0,0.0,GK,4.5
139,Verbruggen,Bart,Verbruggen,1,6,45,0.0,103,3240,0,1,7,91,6.9,849.8,10.0,0.0,GK,4.5
140,McGill,Tom,McGill,1,6,40,0.0,0,0,0,0,0,0,0.3,0.0,0.0,0.0,GK,4.0
141,Rushworth,Carl,Rushworth,1,6,40,0.0,0,0,0,0,0,0,0.0,0.0,0.0,0.0,GK,4.0
142,Scherpen,Kjell,Scherpen,1,6,40,0.0,0,0,0,0,0,0,0.0,0.0,0.0,0.0,GK,4.0
143,Boscagli,Olivier,Boscagli,2,6,45,0.0,0,0,0,0,0,0,0.2,0.0,0.0,0.0,DEF,4.5
144,Coppola,Diego,Coppola,2,6,45,0.0,0,0,0,0,0,0,0.1,0.0,0.0,0.0,DEF,4.5
145,De Cuyper,Maxim,De Cuyper,2,6,45,0.0,0,0,0,0,0,0,7.8,0.0,0.0,0.0,DEF,4.5
146,Dunk,Lewis,Dunk,2,6,45,0.0,44,2081,0,1,4,0,1.0,425.4,115.7,128.0,DEF,4.5
147,Estupiñan,Pervis,Estupiñán Tenorio,2,6,45,0.0,63,2399,1,1,3,0,0.2,504.4,530.1,173.0,DEF,4.5
148,F.Kadıoğlu,Ferdi,Kadıoğlu,2,6,45,0.0,19,385,1,0,2,0,0.3,116.4,83.7,40.0,DEF,4.5
149,Igor,Igor Julio,dos Santos de Paulo,2,6,45,0.0,18,959,0,0,1,0,0.1,189.6,54.7,4.0,DEF,4.5
150,Lamptey,Tariq,Lamptey,2,6,45,0.0,42,856,2,2,2,0,0.4,213.6,101.0,52.0,DEF,4.5
151,Van Hecke,Jan Paul,van Hecke,2,6,45,0.0,87,2960,1,1,7,0,1.2,736.6,261.8,182.0,DEF,4.5
152,Veltman,Joël,Veltman,2,6,45,0.0,59,1694,0,0,6,0,0.3,273.0,147.2,59.0,DEF,4.5
153,Webster,Adam,Webster,2,6,45,0.0,39,885,0,1,4,0,0.1,198.4,49.7,55.0,DEF,4.5
154,Cashin,Eiran,Cashin,2,6,40,0.0,1,19,0,0,0,0,0.1,7.0,0.6,0.0,DEF,4.0
155,Slater,Jacob,Slater,2,6,40,0.0,0,0,0,0,0,0,0.2,0.0,0.0,0.0,DEF,4.0
156,Tasker,Charlie,Tasker,2,6,40,0.0,0,0,0,0,0,0,0.2,0.0,0.0,0.0,DEF,4.0
157,Mitoma,Mitoma,Kaoru,3,6,65,0.0,145,2597,10,5,6,0,5.9,670.6,578.0,856.0,MID,6.5
158,Georginio,Georginio,Rutter,3,6,60,0.0,95,1651,5,6,6,0,0.4,355.4,281.8,404.0,MID,6.0
159,March,Solly,March,3,6,60,0.0,7,161,0,0,0,0,0.1,24.0,59.6,18.0,MID,6.0
160,Minteh,Yankuba,Minteh,3,6,60,0.0,102,1831,6,5,4,0,1.2,523.8,448.9,615.0,MID,6.0
161,Enciso,Julio,Enciso Espínola,3,6,55,0.0,59,1155,2,3,2,0,0.2,250.8,268.9,362.0,MID,5.5
162,Gruda,Brajan,Gruda,3,6,55,0.0,45,676,1,4,1,0,0.1,196.6,311.6,187.0,MID,5.5
163,Hinshelwood,Jack,Hinshelwood,3,6,55,0.0,89,1839,5,3,6,0,0.2,394.6,268.1,304.0,MID,5.5
164,O'Riley,Matt,O'Riley,3,6,55,0.0,50,929,2,3,2,0,0.2,211.4,322.5,219.0,MID,5.5
165,Sima,Abdallah,Sima,3,6,55,0.0,0,0,0,0,0,0,0.0,0.0,0.0,0.0,MID,5.5
166,Ayari,Yasin,Ayari,3,6,50,0.0,74,1958,2,1,7,0,0.3,363.2,507.5,247.0,MID,5.0
167,Baleba,Carlos,Baleba,3,6,50,0.0,87,2660,3,1,8,0,4.7,515.4,343.7,193.0,MID,5.0
168,Buonanotte,Facundo,Buonanotte,3,6,50,0.0,75,1508,5,2,2,0,0.3,415.8,415.8,318.0,MID,5.0
169,Gomez,Diego,Gómez Amarilla,3,6,50,0.0,30,507,1,1,0,0,0.1,124.2,143.2,69.0,MID,5.0
170,Milner,James,Milner,3,6,50,0.0,6,170,0,0,1,0,0.1,28.6,66.3,12.0,MID,5.0
171,Sarmiento,Jeremy,Sarmiento Morante,3,6,50,0.0,1,8,0,0,0,0,0.1,0.2,0.8,0.0,MID,5.0
172,Watson,Tom,Watson,3,6,50,0.0,0,0,0,0,0,0,0.1,0.0,0.0,0.0,MID,5.0
173,Wieffer,Mats,Wieffer,3,6,50,0.0,52,1003,1,5,2,0,0.1,328.8,230.4,129.0,MID,5.0
174,Yalcouye,Malick,Yalcouyé,3,6,50,0.0,0,0,0,0,0,0,0.1,0.0,0.0,0.0,MID,5.0
175,Knight,Joe,Knight,3,6,45,0.0,0,0,0,0,0,0,0.1,0.0,0.0,0.0,MID,4.5
176,Mazilu,Adrian,Mazilu,3,6,45,0.0,0,0,0,0,0,0,0.1,0.0,0.0,0.0,MID,4.5
177,Moran,Andrew,Moran,3,6,45,0.0,0,0,0,0,0,0,0.1,0.0,0.0,0.0,MID,4.5
178,Welbeck,Danny,Welbeck,4,6,65,0.0,125,2109,10,5,7,0,7.8,550.2,331.3,676.0,FWD,6.5
179,Ferguson,Evan,Ferguson,4,6,55,0.0,28,385,1,0,1,0,0.1,80.0,68.5,104.0,FWD,5.5
180,Tzimas,Stefanos,Tzimas,4,6,55,0.0,0,0,0,0,0,0,0.1,0.0,0.0,0.0,FWD,5.5
181,Kostoulas,Charalampos,Kostoulas,4,6,50,0.0,0,0,0,0,0,0,0.6,0.0,0.0,0.0,FWD,5.0
220,Sánchez,Robert,Lynch Sánchez,1,7,50,0.0,126,2880,0,0,10,95,15.4,755.6,20.0,0.0,GK,5.0
221,Jörgensen,Filip,Jörgensen,1,7,45,0.0,18,540,0,0,1,20,0.2,157.6,0.0,0.0,GK,4.5
222,Penders,Mike,Penders,1,7,40,0.0,0,0,0,0,0,0,0.0,0.0,0.0,0.0,GK,4.0
223,Slonina,Gabriel,Słonina,1,7,40,0.0,0,0,0,0,0,0,0.1,0.0,0.0,0.0,GK,4.0
224,Cucurella,Marc,Cucurella Saseta,2,7,60,0.0,133,2988,5,2,9,0,18.9,668.6,350.6,358.0,DEF,6.0
225,James,Reece,James,2,7,55,0.0,54,1057,1,2,3,0,4.5,207.6,202.1,56.0,DEF,5.5
226,Chalobah,Trevoh,Chalobah,2,7,50,0.0,93,1969,3,1,6,0,0.7,496.4,124.2,222.0,DEF,5.0
227,Colwill,Levi,Samuels Colwill,2,7,50,0.0,109,3150,2,1,10,0,5.3,692.0,214.3,185.0,DEF,5.0
228,Gusto,Malo,Gusto,2,7,50,0.0,60,1853,0,1,4,0,2.1,336.8,394.6,147.0,DEF,5.0
229,B.Badiashile,Benoît,Badiashile Mukinayi,2,7,45,0.0,7,332,0,0,0,0,0.1,66.0,12.6,0.0,DEF,4.5
230,Fofana,Wesley,Fofana,2,7,45,0.0,26,1172,0,0,2,0,0.3,200.2,85.0,33.0,DEF,4.5
231,M.Sarr,Mamadou,Sarr,2,7,45,0.0,0,0,0,0,0,0,0.1,0.0,0.0,0.0,DEF,4.5
232,Tosin,Tosin,Adarabioyo,2,7,45,0.0,71,1403,1,1,7,0,0.3,352.2,48.2,92.0,DEF,4.5
233,Acheampong,Josh,Acheampong,2,7,40,0.0,4,168,0,0,0,0,0.3,13.6,2.5,13.0,DEF,4.0
234,Anselmino,Aarón,Anselmino,2,7,40,0.0,0,0,0,0,0,0,0.2,0.0,0.0,0.0,DEF,4.0
235,Palmer,Cole,Palmer,3,7,105,0.0,214,3193,15,10,10,0,53.5,1068.2,1259.2,1052.0,MID,10.5
236,Neto,Pedro,Lomba Neto,3,7,70,0.0,104,2262,4,6,8,0,4.3,492.0,762.7,545.0,MID,7.0
237,Enzo,Enzo,Fernández,3,7,65,0.0,135,2943,6,8,10,0,4.1,761.6,1131.6,517.0,MID,6.5
238,Estêvão,Estêvão,Almeida de Oliveira Gonçalves,3,7,65,0.0,0,0,0,0,0,0,0.5,0.0,0.0,0.0,MID,6.5
239,Gittens,Jamie,Bynoe-Gittens,3,7,65,0.0,0,0,0,0,0,0,0.3,0.0,0.0,0.0,MID,6.5
240,Nkunku,Christopher,Nkunku,3,7,60,0.0,60,904,3,2,2,0,0.2,230.2,204.9,339.0,MID,6.0
241,Caicedo,Moisés,Caicedo Corozo,3,7,55,0.0,98,3351,1,4,12,0,7.1,627.6,568.8,95.0,MID,5.5
243,George,Tyrique,George,3,7,50,0.0,17,177,1,1,1,0,0.1,67.4,72.7,32.0,MID,5.0
244,Lavia,Roméo,Lavia,3,7,50,0.0,26,792,0,1,3,0,0.1,113.2,121.7,7.0,MID,5.0
245,Mudryk,Mykhailo,Mudryk,3,7,50,0.0,7,145,0,0,0,0,0.0,23.2,31.5,31.0,MID,5.0
246,Andrey Santos,Andrey,Nascimento dos Santos,3,7,45,0.0,0,0,0,0,0,0,0.4,0.0,0.0,0.0,MID,4.5
247,D.Essugo,Dário,Luís Essugo,3,7,45,0.0,0,0,0,0,0,0,0.1,0.0,0.0,0.0,MID,4.5
248,Paez,Kendry,Páez Andrade,3,7,45,0.0,0,0,0,0,0,0,0.1,0.0,0.0,0.0,MID,4.5
249,João Pedro,João Pedro,Junqueira de Jesus,4,7,75,0.0,126,1946,10,6,6,0,52.0,567.0,456.0,644.0,FWD,7.5
250,Delap,Liam,Delap,4,7,65,0.0,132,2587,12,2,3,0,4.6,513.0,290.5,783.0,FWD,6.5
251,N.Jackson,Nicolas,Jackson,4,7,65,0.0,121,2220,10,6,11,0,0.1,546.4,368.3,976.0,FWD,6.5
672,Hato,Jorrel,Hato,2,7,50,0.0,0,0,0,0,0,0,0.1,0.0,0.0,0.0,DEF,5.0
253,Henderson,Dean,Henderson,1,8,50,0.0,135,3420,0,0,11,104,3.5,853.6,30.0,4.0,GK,5.0
254,Benitez,Walter,Benítez,1,8,40,0.0,0,0,0,0,0,0,0.4,0.0,0.0,0.0,GK,4.0
255,Matthews,Remi,Matthews,1,8,40,0.0,0,0,0,0,0,0,0.1,0.0,0.0,0.0,GK,4.0
256,Muñoz,Daniel,Muñoz Mejía,2,8,55,0.0,142,3229,4,6,11,0,8.5,816.6,634.2,524.0,DEF,5.5
257,Lacroix,Maxence,Lacroix,2,8,50,0.0,114,3116,1,2,11,0,1.0,723.8,113.7,277.0,DEF,5.0
258,Mitchell,Tyrick,Mitchell,2,8,50,0.0,123,3090,0,6,12,0,1.0,630.8,559.1,170.0,DEF,5.0
259,Sosa,Borna,Sosa,2,8,50,0.0,0,0,0,0,0,0,0.1,0.0,0.0,0.0,DEF,5.0
260,Guéhi,Marc,Guéhi,2,8,45,0.0,116,3059,3,2,11,0,13.2,827.0,237.6,247.0,DEF,4.5
261,Richards,Chris,Richards,2,8,45,0.0,68,1921,1,1,7,0,0.9,470.8,45.0,181.0,DEF,4.5
262,Chadi Riad,Chadi,Riad Dnanou,2,8,40,0.0,1,90,0,0,0,0,0.0,18.2,1.3,0.0,DEF,4.0
263,Clyne,Nathaniel,Clyne,2,8,40,0.0,18,477,0,0,1,0,0.7,66.6,51.8,8.0,DEF,4.0
264,Holding,Rob,Holding,2,8,40,0.0,0,0,0,0,0,0,0.3,0.0,0.0,0.0,DEF,4.0
265,Kporha,Caleb,Kporha,2,8,40,0.0,2,11,0,0,0,0,0.2,8.0,4.6,0.0,DEF,4.0
266,Eze,Eberechi,Eze,3,8,75,0.0,148,2588,8,8,10,0,9.2,685.0,849.2,691.0,MID,7.5
267,Sarr,Ismaïla,Sarr,3,8,65,0.0,149,2708,8,7,10,0,2.3,675.0,618.0,866.0,MID,6.5
268,Doucouré,Cheick,Doucouré,3,8,50,0.0,19,443,0,1,1,0,0.0,58.6,25.7,23.0,MID,5.0
269,Esse,Romain,Esse,3,8,50,0.0,22,138,1,2,0,0,0.3,74.8,38.4,51.0,MID,5.0
270,Hughes,Will,Hughes,3,8,50,0.0,67,2100,0,4,10,0,0.1,335.2,462.6,90.0,MID,5.0
271,Kamada,Daichi,Kamada,3,8,50,0.0,45,1545,0,0,3,0,0.1,219.2,314.1,145.0,MID,5.0
272,Lerma,Jefferson,Lerma Solís,3,8,50,0.0,58,2270,0,1,6,0,0.1,401.4,190.2,197.0,MID,5.0
273,Wharton,Adam,Wharton,3,8,50,0.0,42,1314,0,2,4,0,0.5,261.2,381.4,69.0,MID,5.0
274,Agbinone,Asher,Agbinone,3,8,45,0.0,2,4,0,0,0,0,0.1,4.0,10.6,1.0,MID,4.5
275,Ahamada,Naouirou,Ahamada,3,8,45,0.0,0,0,0,0,0,0,0.1,0.0,0.0,0.0,MID,4.5
276,Devenny,Justin,Devenny,3,8,45,0.0,34,494,1,1,0,0,1.7,138.8,101.8,90.0,MID,4.5
277,Ebiowei,Malcolm,Ebiowei,3,8,45,0.0,0,0,0,0,0,0,0.1,0.0,0.0,0.0,MID,4.5
278,J.Rak-Sakyi,Jesurun,Rak-Sakyi,3,8,45,0.0,0,0,0,0,0,0,0.1,0.0,0.0,0.0,MID,4.5
279,M.França,Matheus,França de Oliveira,3,8,45,0.0,9,52,1,0,0,0,0.1,48.4,1.2,66.0,MID,4.5
280,Ozoh,David,Ozoh,3,8,45,0.0,0,0,0,0,0,0,0.0,0.0,0.0,0.0,MID,4.5
281,Rodney,Kaden,Rodney,3,8,45,0.0,0,0,0,0,0,0,0.0,0.0,0.0,0.0,MID,4.5
282,Umeh,Franco,Umeh-Chibueze,3,8,45,0.0,0,0,0,0,0,0,0.0,0.0,0.0,0.0,MID,4.5
283,Mateta,Jean-Philippe,Mateta,4,8,75,0.0,150,2642,14,2,9,0,6.3,671.6,405.4,800.0,FWD,7.5
284,Nketiah,Eddie,Nketiah,4,8,55,0.0,53,1018,3,2,2,0,1.6,192.2,163.7,475.0,FWD,5.5
285,Édouard,Odsonne,Édouard,4,8,50,0.0,7,141,0,0,0,0,1.1,5.0,25.0,50.0,FWD,5.0
286,Marsh,Zach,Marsh,4,8,45,0.0,0,0,0,0,0,0,0.3,0.0,0.0,0.0,FWD,4.5
242,Dewsbury-Hall,Kiernan,Dewsbury-Hall,3,9,50,0.0,18,257,0,1,0,0,0.7,57.4,47.4,21.0,MID,5.0
287,Pickford,Jordan,Pickford,1,9,55,0.0,158,3420,0,1,12,122,12.2,1052.0,20.3,0.0,GK,5.5
288,Travers,Mark,Travers,1,9,45,0.0,19,450,0,0,1,20,0.2,146.4,0.0,0.0,GK,4.5
289,Tyrer,Harry,Tyrer,1,9,40,0.0,0,0,0,0,0,0,0.2,0.0,0.0,0.0,GK,4.0
290,Branthwaite,Jarrad,Branthwaite,2,9,55,0.0,88,2509,0,1,9,0,1.9,624.6,57.7,130.0,DEF,5.5
291,Tarkowski,James,Tarkowski,2,9,55,0.0,105,2922,1,1,10,0,5.0,859.0,188.8,217.0,DEF,5.5
292,Mykolenko,Vitalii,Mykolenko,2,9,50,0.0,121,3082,1,3,11,0,4.5,621.4,428.5,100.0,DEF,5.0
293,O'Brien,Jake,O'Brien,2,9,50,0.0,65,1568,2,0,5,0,0.4,341.4,108.9,109.0,DEF,5.0
294,Coleman,Séamus,Coleman,2,9,45,0.0,5,214,0,0,0,0,0.1,42.4,3.8,23.0,DEF,4.5
295,Keane,Michael,Keane,2,9,45,0.0,48,1046,3,0,3,0,0.3,306.6,23.2,123.0,DEF,4.5
296,Patterson,Nathan,Patterson,2,9,45,0.0,14,342,0,1,0,0,0.2,71.6,70.3,12.0,DEF,4.5
297,Dixon,Roman,Dixon,2,9,40,0.0,0,90,0,0,0,0,0.3,15.4,0.3,0.0,DEF,4.0
298,Welch,Reece,Welch,2,9,40,0.0,0,0,0,0,0,0,0.2,0.0,0.0,0.0,DEF,4.0
299,Ndiaye,Iliman,Ndiaye,3,9,65,0.0,114,2426,9,0,15,0,12.5,598.0,326.4,493.0,MID,6.5
300,McNeil,Dwight,McNeil,3,9,60,0.0,93,1366,4,8,5,0,0.8,392.0,631.8,207.0,MID,6.0
301,Alcaraz,Carlos,Alcaraz Durán,3,9,55,0.0,44,766,2,3,1,0,0.3,219.4,205.7,227.0,MID,5.5
302,Gana,Idrissa Gana,Gueye,3,9,55,0.0,89,3063,0,3,12,0,0.1,522.0,327.2,117.0,MID,5.5
303,Garner,James,Garner,3,9,50,0.0,42,1590,0,1,5,0,0.1,264.8,248.2,93.0,MID,5.0
304,Iroegbunam,Tim,Iroegbunam,3,9,50,0.0,22,562,0,1,0,0,0.1,122.2,40.9,32.0,MID,5.0
305,Armstrong,Harrison,Armstrong,3,9,45,0.0,2,47,0,0,0,0,0.4,1.8,10.9,9.0,MID,4.5
306,Bates,Callum,Bates,3,9,45,0.0,0,0,0,0,0,0,0.1,0.0,0.0,0.0,MID,4.5
307,Ebere,Coby,Ebere,3,9,45,0.0,0,0,0,0,0,0,0.0,0.0,0.0,0.0,MID,4.5
308,Heath,Isaac,Heath,3,9,45,0.0,0,0,0,0,0,0,0.0,0.0,0.0,0.0,MID,4.5
309,Metcalfe,Jenson,Metcalfe,3,9,45,0.0,0,0,0,0,0,0,0.0,0.0,0.0,0.0,MID,4.5
310,Barry,Thierno,Barry,4,9,60,0.0,0,0,0,0,0,0,1.1,0.0,0.0,0.0,FWD,6.0
311,Beto,Norberto Bercique,Gomes Betuncal,4,9,55,0.0,87,1521,8,0,4,0,13.8,373.2,163.9,666.0,FWD,5.5
312,Y.Chermiti,Youssef,Ramalho Chermiti,4,9,50,0.0,3,42,0,0,0,0,0.2,2.4,0.6,27.0,FWD,5.0
313,Sherif,Martin,Sherif,4,9,45,0.0,0,0,0,0,0,0,0.3,0.0,0.0,0.0,FWD,4.5
667,Aznou,Adam,Aznou,2,9,45,0.0,0,0,0,0,0,0,0.1,0.0,0.0,0.0,DEF,4.5
314,Leno,Bernd,Leno,1,10,50,0.0,115,3420,0,2,5,110,1.7,967.0,20.0,0.0,GK,5.0
315,Benda,Steven,Benda,1,10,40,0.0,0,0,0,0,0,0,0.1,0.0,0.0,0.0,GK,4.0
316,Robinson,Antonee,Robinson,2,10,50,0.0,106,3166,0,10,5,0,6.4,922.2,723.4,206.0,DEF,5.0
317,Andersen,Joachim,Andersen,2,10,45,0.0,51,2673,0,0,4,0,1.3,687.6,99.0,162.0,DEF,4.5
318,Bassey,Calvin,Bassey,2,10,45,0.0,75,3074,1,0,5,0,0.4,587.2,96.7,157.0,DEF,4.5
319,Castagne,Timothy,Castagne,2,10,45,0.0,46,1642,0,1,3,0,0.2,360.4,163.6,123.0,DEF,4.5
320,Diop,Issa,Diop,2,10,45,0.0,31,1334,0,0,1,0,0.1,257.6,44.7,83.0,DEF,4.5
321,J.Cuenca,Jorge,Cuenca Barreno,2,10,45,0.0,9,349,0,0,0,0,0.1,81.2,2.3,4.0,DEF,4.5
322,Tete,Kenny,Tete,2,10,45,0.0,49,1773,0,2,3,0,0.2,381.2,192.2,158.0,DEF,4.5
323,Amissah,Samuel,Amissah,2,10,40,0.0,0,0,0,0,0,0,0.2,0.0,0.0,0.0,DEF,4.0
324,Iwobi,Alex,Iwobi,3,10,65,0.0,156,2981,9,6,6,0,1.5,806.8,922.4,699.0,MID,6.5
325,Smith Rowe,Emile,Smith Rowe,3,10,60,0.0,114,2036,6,3,7,0,1.2,433.8,422.3,386.0,MID,6.0
326,Adama,Adama,Traoré Diarra,3,10,55,0.0,95,1756,2,8,3,0,0.4,385.4,632.1,426.0,MID,5.5
327,Andreas,Andreas,Hoelgebaum Pereira,3,10,55,0.0,81,2004,2,6,5,0,0.5,326.6,868.3,300.0,MID,5.5
328,Sessegnon,Ryan,Sessegnon,3,10,55,0.0,57,574,4,2,1,0,0.2,284.0,158.8,227.0,MID,5.5
329,Wilson,Harry,Wilson,3,10,55,0.0,78,1148,6,2,2,0,1.4,334.6,310.2,440.0,MID,5.5
330,Berge,Sander,Berge,3,10,50,0.0,53,2221,0,0,4,0,0.1,314.4,285.7,51.0,MID,5.0
331,Cairney,Tom,Cairney,3,10,50,0.0,33,610,2,0,1,0,0.1,163.8,213.8,94.0,MID,5.0
332,Lukić,Saša,Lukić,3,10,50,0.0,56,2348,0,2,4,0,0.1,335.6,455.1,119.0,MID,5.0
333,Godo,Martial,Godo,3,10,45,0.0,2,21,0,0,0,0,0.1,3.4,12.0,14.0,MID,4.5
334,Harris,Luke,Harris,3,10,45,0.0,0,0,0,0,0,0,0.0,0.0,0.0,0.0,MID,4.5
335,King,Josh,King,3,10,45,0.0,10,126,0,0,1,0,0.3,26.2,45.7,38.0,MID,4.5
336,Reed,Harrison,Reed,3,10,45,0.0,10,100,0,0,0,0,0.3,18.6,20.6,33.0,MID,4.5
337,Raúl,Raúl,Jiménez Rodríguez,4,10,65,0.0,147,2486,12,3,7,0,2.4,612.8,372.2,1018.0,FWD,6.5
338,Muniz,Rodrigo,Muniz Carvalho,4,10,55,0.0,86,943,8,1,2,0,2.5,352.4,95.3,508.0,FWD,5.5
664,Lecomte,Benjamin,Lecomte,1,10,40,0.0,0,0,0,0,0,0,1.1,0.0,0.0,0.0,GK,4.0
339,Meslier,Illan,Meslier,1,11,45,0.0,0,0,0,0,0,0,1.1,0.0,0.0,0.0,GK,4.5
340,Cairns,Alex,Cairns,1,11,40,0.0,0,0,0,0,0,0,0.3,0.0,0.0,0.0,GK,4.0
341,Darlow,Karl,Darlow,1,11,40,0.0,0,0,0,0,0,0,6.7,0.0,0.0,0.0,GK,4.0
342,Bogle,Jayden,Bogle,2,11,45,0.0,0,0,0,0,0,0,0.7,0.0,0.0,0.0,DEF,4.5
343,Struijk,Pascal,Struijk,2,11,45,0.0,0,0,0,0,0,0,0.4,0.0,0.0,0.0,DEF,4.5
344,Bijol,Jaka,Bijol,2,11,40,0.0,0,0,0,0,0,0,0.2,0.0,0.0,0.0,DEF,4.0
345,Bornauw,Sebastiaan,Bornauw,2,11,40,0.0,0,0,0,0,0,0,0.3,0.0,0.0,0.0,DEF,4.0
346,Byram,Sam,Byram,2,11,40,0.0,0,0,0,0,0,0,0.3,0.0,0.0,0.0,DEF,4.0
347,Gudmundsson,Gabriel,Gudmundsson,2,11,40,0.0,0,0,0,0,0,0,2.1,0.0,0.0,0.0,DEF,4.0
348,Rodon,Joe,Rodon,2,11,40,0.0,0,0,0,0,0,0,1.8,0.0,0.0,0.0,DEF,4.0
349,Schmidt,Isaac,Schmidt,2,11,40,0.0,0,0,0,0,0,0,0.3,0.0,0.0,0.0,DEF,4.0
350,Aaronson,Brenden,Aaronson,3,11,55,0.0,0,0,0,0,0,0,0.1,0.0,0.0,0.0,MID,5.5
351,Gnonto,Wilfried,Gnonto,3,11,55,0.0,0,0,0,0,0,0,0.6,0.0,0.0,0.0,MID,5.5
352,Harrison,Jack,Harrison,3,11,55,0.0,81,2068,1,3,7,0,0.2,277.0,527.7,288.0,MID,5.5
353,James,Daniel,James,3,11,55,0.0,0,0,0,0,0,0,0.8,0.0,0.0,0.0,MID,5.5
354,Ampadu,Ethan,Ampadu,3,11,50,0.0,0,0,0,0,0,0,0.1,0.0,0.0,0.0,MID,5.0
355,Greenwood,Sam,Greenwood,3,11,50,0.0,0,0,0,0,0,0,0.1,0.0,0.0,0.0,MID,5.0
356,Gruev,Ilia,Gruev,3,11,50,0.0,0,0,0,0,0,0,0.1,0.0,0.0,0.0,MID,5.0
357,Ramazani,Largie,Ramazani,3,11,50,0.0,0,0,0,0,0,0,0.1,0.0,0.0,0.0,MID,5.0
358,Tanaka,Tanaka,Ao,3,11,50,0.0,0,0,0,0,0,0,0.4,0.0,0.0,0.0,MID,5.0
359,Crew,Charlie,Crew,3,11,45,0.0,0,0,0,0,0,0,0.1,0.0,0.0,0.0,MID,4.5
360,Gelhardt,Joe,Gelhardt,3,11,45,0.0,0,0,0,0,0,0,0.3,0.0,0.0,0.0,MID,4.5
361,Gyabi,Darko,Gyabi,3,11,45,0.0,0,0,0,0,0,0,0.1,0.0,0.0,0.0,MID,4.5
362,Piroe,Joël,Piroe,4,11,55,0.0,0,0,0,0,0,0,3.4,0.0,0.0,0.0,FWD,5.5
363,Bamford,Patrick,Bamford,4,11,50,0.0,0,0,0,0,0,0,3.1,0.0,0.0,0.0,FWD,5.0
364,Mateo Joseph,Mateo,Joseph Fernández-Regatillo,4,11,50,0.0,0,0,0,0,0,0,0.2,0.0,0.0,0.0,FWD,5.0
365,Nmecha,Lukas,Nmecha,4,11,50,0.0,0,0,0,0,0,0,0.7,0.0,0.0,0.0,FWD,5.0
493,Longstaff,Sean,Longstaff,3,11,50,0.0,34,783,0,1,2,0,0.3,117.2,78.4,76.0,MID,5.0
660,Stach,Anton,Stach,3,11,50,0.0,0,0,0,0,0,0,0.1,0.0,0.0,0.0,MID,5.0
665,Perri,Lucas Estella,Perri,1,11,45,0.0,0,0,0,0,0,0,0.3,0.0,0.0,0.0,GK,4.5
366,A.Becker,Alisson,Becker,1,12,55,0.0,112,2508,0,0,10,78,10.9,628.8,13.0,0.0,GK,5.5
367,Mamardashvili,Giorgi,Mamardashvili,1,12,45,0.0,0,0,0,0,0,0,0.7,0.0,0.0,0.0,GK,4.5
368,Pécsi,Ármin,Pécsi,1,12,40,0.0,0,0,0,0,0,0,0.1,0.0,0.0,0.0,GK,4.0
369,Woodman,Freddie,Woodman,1,12,40,0.0,0,0,0,0,0,0,0.1,0.0,0.0,0.0,GK,4.0
370,Frimpong,Jeremie,Frimpong,2,12,60,0.0,0,0,0,0,0,0,25.8,0.0,0.0,0.0,DEF,6.0
371,Kerkez,Milos,Kerkez,2,12,60,0.0,134,3336,2,6,9,0,10.4,694.0,642.0,238.0,DEF,6.0
372,Robertson,Andrew,Robertson,2,12,60,0.0,91,2479,0,1,10,0,2.1,395.4,668.7,182.0,DEF,6.0
373,Virgil,Virgil,van Dijk,2,12,60,0.0,143,3330,3,1,14,0,23.4,932.6,206.6,299.0,DEF,6.0
374,Konaté,Ibrahima,Konaté,2,12,55,0.0,106,2561,1,2,11,0,2.8,578.0,161.4,133.0,DEF,5.5
375,Bradley,Conor,Bradley,2,12,50,0.0,41,744,0,2,3,0,0.6,156.2,110.5,162.0,DEF,5.0
376,Gomez,Joe,Gomez,2,12,50,0.0,14,517,0,0,1,0,0.2,130.4,38.5,58.0,DEF,5.0
377,Tsimikas,Konstantinos,Tsimikas,2,12,50,0.0,43,829,0,1,4,0,0.1,202.0,260.7,60.0,DEF,5.0
378,Nallo,Amara,Nallo,2,12,40,0.0,0,0,0,0,0,0,0.2,0.0,0.0,0.0,DEF,4.0
379,R.Williams,Rhys,Williams,2,12,40,0.0,0,0,0,0,0,0,0.3,0.0,0.0,0.0,DEF,4.0
380,Ramsay,Calvin,Ramsay,2,12,40,0.0,0,0,0,0,0,0,0.2,0.0,0.0,0.0,DEF,4.0
381,M.Salah,Mohamed,Salah,3,12,145,0.0,344,3374,29,18,15,0,57.3,1577.0,1199.2,1985.0,MID,14.5
382,Wirtz,Florian,Wirtz,3,12,85,0.0,0,0,0,0,0,0,33.0,0.0,0.0,0.0,MID,8.5
383,Luis Díaz,Luis,Díaz Marulanda,3,12,80,0.0,183,2393,13,7,15,0,0.8,770.8,748.0,946.0,MID,8.0
384,Gakpo,Cody,Gakpo,3,12,75,0.0,127,1921,10,5,5,0,4.7,597.0,517.7,686.0,MID,7.5
385,Chiesa,Federico,Chiesa,3,12,65,0.0,7,103,0,0,0,0,0.1,9.0,23.5,36.0,MID,6.5
386,Mac Allister,Alexis,Mac Allister,3,12,65,0.0,122,2597,5,6,14,0,1.5,653.4,731.3,357.0,MID,6.5
387,Szoboszlai,Dominik,Szoboszlai,3,12,65,0.0,143,2485,6,10,12,0,1.8,589.8,794.8,601.0,MID,6.5
388,C.Jones,Curtis,Jones,3,12,55,0.0,87,1702,3,5,6,0,0.1,397.2,343.7,400.0,MID,5.5
389,Elliott,Harvey,Elliott,3,12,55,0.0,33,359,1,2,0,0,0.2,118.6,145.8,143.0,MID,5.5
390,Gravenberch,Ryan,Gravenberch,3,12,55,0.0,92,3160,0,4,14,0,0.1,550.6,473.9,121.0,MID,5.5
391,Doak,Ben,Doak,3,12,50,0.0,0,0,0,0,0,0,0.1,0.0,0.0,0.0,MID,5.0
392,Endo,Endo,Wataru,3,12,50,0.0,21,259,0,0,0,0,0.1,57.6,38.2,6.0,MID,5.0
393,Bajcetic,Stefan,Bajčetić Maquieira,3,12,45,0.0,0,0,0,0,0,0,0.1,0.0,0.0,0.0,MID,4.5
394,McConnell,James,McConnell,3,12,45,0.0,0,0,0,0,0,0,0.0,0.0,0.0,0.0,MID,4.5
395,Morton,Tyler,Morton,3,12,45,0.0,0,0,0,0,0,0,0.0,0.0,0.0,0.0,MID,4.5
396,Nyoni,Trey,Nyoni,3,12,45,0.0,0,0,0,0,0,0,0.1,0.0,0.0,0.0,MID,4.5
397,Darwin,Darwin,Núñez Ribeiro,4,12,65,0.0,66,1113,5,3,2,0,1.3,263.8,151.6,404.0,FWD,6.5
398,Danns,Jayden,Danns,4,12,45,0.0,1,10,0,0,0,0,0.2,0.0,0.3,0.0,FWD,4.5
661,Ekitiké,Hugo,Ekitiké,4,12,85,0.0,0,0,0,0,0,0,5.3,0.0,0.0,0.0,FWD,8.5
182,Trafford,James,Trafford,1,13,50,0.0,0,0,0,0,0,0,3.3,0.0,0.0,0.0,GK,5.0
399,Ederson M.,Ederson,Santana de Moraes,1,13,55,0.0,111,2320,0,4,10,54,3.7,567.0,43.0,0.0,GK,5.5
400,Ortega Moreno,Stefan,Ortega Moreno,1,13,50,0.0,35,1099,0,0,3,33,0.5,292.6,0.0,0.0,GK,5.0
401,Bettinelli,Marcus,Bettinelli,1,13,40,0.0,0,0,0,0,0,0,0.2,0.0,0.0,0.0,GK,4.0
402,Aït-Nouri,Rayan,Aït-Nouri,2,13,60,0.0,125,3112,4,7,7,0,23.5,778.4,694.3,435.0,DEF,6.0
403,Gvardiol,Joško,Gvardiol,2,13,60,0.0,153,3278,5,0,13,0,17.4,847.0,501.7,497.0,DEF,6.0
404,Akanji,Manuel,Akanji,2,13,55,0.0,61,2012,0,0,6,0,0.6,339.8,249.8,100.0,DEF,5.5
405,Aké,Nathan,Aké,2,13,55,0.0,25,677,0,0,3,0,0.5,104.6,33.7,20.0,DEF,5.5
406,Khusanov,Abdukodir,Khusanov,2,13,55,0.0,14,503,0,0,2,0,0.3,102.0,33.9,4.0,DEF,5.5
407,Matheus N.,Matheus,Nunes,2,13,55,0.0,81,1670,1,7,9,0,0.6,370.4,422.4,206.0,DEF,5.5
408,Rúben,Rúben,dos Santos Gato Alves Dias,2,13,55,0.0,90,2269,0,0,11,0,2.4,478.2,173.8,150.0,DEF,5.5
409,Stones,John,Stones,2,13,55,0.0,29,544,2,0,1,0,0.5,155.6,49.8,70.0,DEF,5.5
410,Lewis,Rico,Lewis,2,13,50,0.0,66,1888,1,2,5,0,0.6,293.8,218.6,139.0,DEF,5.0
411,O’Reilly,Nico,O'Reilly,2,13,50,0.0,31,525,2,0,3,0,0.2,133.4,76.2,112.0,DEF,5.0
412,Vitor Reis,Vitor,de Oliveira Nunes dos Reis,2,13,50,0.0,1,1,0,0,0,0,0.1,3.2,0.0,0.0,DEF,5.0
413,Marmoush,Omar,Marmoush,3,13,85,0.0,73,1174,7,1,8,0,13.7,318.0,246.7,410.0,MID,8.5
414,Foden,Phil,Foden,3,13,80,0.0,105,1771,7,3,6,0,3.2,448.0,749.0,449.0,MID,8.0
415,Savinho,Sávio,Moreira de Oliveira,3,13,70,0.0,106,1760,1,11,8,0,1.9,415.2,682.9,671.0,MID,7.0
416,Bernardo,Bernardo,Mota Veiga de Carvalho e Silva,3,13,65,0.0,110,2667,4,4,10,0,0.6,603.0,800.4,532.0,MID,6.5
417,Cherki,Rayan,Cherki,3,13,65,0.0,0,0,0,0,0,0,8.9,0.0,0.0,0.0,MID,6.5
418,Doku,Jérémy,Doku,3,13,65,0.0,88,1506,3,6,8,0,1.2,453.8,515.9,528.0,MID,6.5
419,Grealish,Jack,Grealish,3,13,65,0.0,38,710,1,1,2,0,0.1,157.2,321.4,234.0,MID,6.5
420,Gündoğan,İlkay,Gündoğan,3,13,65,0.0,97,2218,1,7,10,0,0.2,387.0,781.3,273.0,MID,6.5
421,Rodrigo,Rodrigo 'Rodri',Hernandez Cascante,3,13,65,0.0,3,72,0,0,0,0,1.6,12.2,17.5,0.0,MID,6.5
422,Kovačić,Mateo,Kovačić,3,13,60,0.0,109,2194,6,3,10,0,0.0,606.4,579.3,204.0,MID,6.0
423,N.Gonzalez,Nico,González Iglesias,3,13,60,0.0,31,760,1,1,6,0,0.1,137.2,78.7,62.0,MID,6.0
424,Bobb,Oscar,Bobb,3,13,55,0.0,3,14,0,0,0,0,0.1,4.4,12.6,0.0,MID,5.5
425,Echeverri,Claudio,Echeverri,3,13,55,0.0,1,5,0,0,0,0,0.1,2.2,0.4,0.0,MID,5.5
426,McAtee,James,McAtee,3,13,55,0.0,31,340,3,0,0,0,0.1,113.0,64.6,136.0,MID,5.5
427,Reijnders,Tijjani,Reijnders,3,13,55,0.0,0,0,0,0,0,0,4.7,0.0,0.0,0.0,MID,5.5
428,Nypan,Sverre,Nypan,3,13,50,0.0,0,0,0,0,0,0,0.1,0.0,0.0,0.0,MID,5.0
429,Phillips,Kalvin,Phillips,3,13,50,0.0,27,1231,0,0,1,0,0.1,181.8,116.2,41.0,MID,5.0
430,Haaland,Erling,Haaland,4,13,140,0.0,181,2736,22,3,10,0,19.9,946.0,359.4,1511.0,FWD,14.0
119,Mbeumo,Bryan,Mbeumo,3,14,80,0.0,236,3415,20,9,9,0,16.8,1236.8,1107.5,1060.0,MID,8.0
431,Bayindir,Altay,Bayındır,1,14,50,0.0,8,360,0,0,1,8,0.5,80.0,0.0,0.0,GK,5.0
432,Onana,André,Onana,1,14,50,0.0,120,3060,0,0,9,90,0.1,733.0,13.0,0.0,GK,5.0
433,Harrison,Elyh,Harrison,1,14,40,0.0,0,0,0,0,0,0,0.0,0.0,0.0,0.0,GK,4.0
434,Heaton,Tom,Heaton,1,14,40,0.0,0,0,0,0,0,0,0.4,0.0,0.0,0.0,GK,4.0
435,Mee,Dermot,Mee,1,14,40,0.0,0,0,0,0,0,0,0.1,0.0,0.0,0.0,GK,4.0
436,De Ligt,Matthijs,de Ligt,2,14,50,0.0,68,2119,2,0,4,0,1.0,518.4,88.7,303.0,DEF,5.0
437,Martinez,Lisandro,Martínez,2,14,50,0.0,68,1751,2,1,6,0,0.6,426.6,153.9,158.0,DEF,5.0
438,Mazraoui,Noussair,Mazraoui,2,14,50,0.0,88,2836,0,1,7,0,1.1,619.4,332.7,123.0,DEF,5.0
439,D.Leon,Diego,León Blanco,2,14,45,0.0,0,0,0,0,0,0,0.1,0.0,0.0,0.0,DEF,4.5
440,Dalot,Diogo,Dalot Teixeira,2,14,45,0.0,95,2812,0,4,8,0,2.7,493.2,434.2,264.0,DEF,4.5
441,Dorgu,Patrick,Dorgu,2,14,45,0.0,18,840,0,0,2,0,5.3,106.4,175.3,112.0,DEF,4.5
442,Maguire,Harry,Maguire,2,14,45,0.0,48,1751,1,0,3,0,0.6,411.4,111.5,237.0,DEF,4.5
443,Shaw,Luke,Shaw,2,14,45,0.0,5,346,0,0,0,0,0.2,48.2,68.2,11.0,DEF,4.5
444,Yoro,Leny,Yoro,2,14,45,0.0,22,1160,0,0,1,0,1.1,207.4,55.8,54.0,DEF,4.5
445,Amass,Harry,Amass,2,14,40,0.0,4,345,0,0,0,0,0.3,40.0,26.5,15.0,DEF,4.0
446,Fredricson,Tyler,Fredricson,2,14,40,0.0,2,166,0,0,0,0,0.2,37.4,4.9,2.0,DEF,4.0
447,Heaven,Ayden,Heaven,2,14,40,0.0,10,169,0,0,1,0,2.0,43.4,12.9,8.0,DEF,4.0
448,Malacia,Tyrell,Malacia,2,14,40,0.0,2,99,0,0,0,0,0.4,5.2,13.9,0.0,DEF,4.0
449,B.Fernandes,Bruno,Borges Fernandes,3,14,90,0.0,174,3017,8,12,10,0,13.9,1017.8,1407.7,587.0,MID,9.0
450,Cunha,Matheus,Santos Carneiro da Cunha,3,14,80,0.0,178,2596,15,7,7,0,10.5,936.2,847.8,940.0,MID,8.0
451,Rashford,Marcus,Rashford,3,14,70,0.0,95,1414,6,4,7,0,0.4,398.4,451.1,369.0,MID,7.0
452,Amad,Amad,Diallo,3,14,65,0.0,129,1898,8,8,7,0,3.7,634.0,687.2,615.0,MID,6.5
453,Garnacho,Alejandro,Garnacho Ferreyra,3,14,65,0.0,106,2188,6,4,5,0,0.2,454.0,532.2,904.0,MID,6.5
454,Antony,Antony,dos Santos,3,14,60,0.0,8,135,0,0,0,0,0.1,35.0,50.7,74.0,MID,6.0
455,Mount,Mason,Mount,3,14,60,0.0,25,613,1,0,3,0,0.2,104.0,140.0,218.0,MID,6.0
456,Sancho,Jadon,Sancho,3,14,60,0.0,86,1754,3,5,7,0,0.1,340.0,523.2,414.0,MID,6.0
457,Casemiro,Carlos Henrique,Casimiro,3,14,55,0.0,48,1489,1,0,6,0,0.2,433.2,348.2,265.0,MID,5.5
458,Mainoo,Kobbie,Mainoo,3,14,50,0.0,42,1646,0,0,5,0,1.0,196.6,250.8,137.0,MID,5.0
459,Ugarte,Manuel,Ugarte Ribeiro,3,14,50,0.0,49,1777,1,2,4,0,0.2,313.6,195.9,113.0,MID,5.0
460,Collyer,Toby,Collyer,3,14,45,0.0,6,174,0,0,0,0,0.2,40.4,29.9,8.0,MID,4.5
461,Fitzgerald,Jayce,Fitzgerald,3,14,45,0.0,0,0,0,0,0,0,0.0,0.0,0.0,0.0,MID,4.5
462,J.Fletcher,Jack,Fletcher,3,14,45,0.0,0,0,0,0,0,0,0.0,0.0,0.0,0.0,MID,4.5
463,Kone,Sékou,Koné,3,14,45,0.0,0,0,0,0,0,0,0.1,0.0,0.0,0.0,MID,4.5
464,Moorhouse,Jack,Moorhouse,3,14,45,0.0,0,0,0,0,0,0,0.0,0.0,0.0,0.0,MID,4.5
465,Højlund,Rasmus,Højlund,4,14,65,0.0,78,1998,4,1,6,0,1.1,187.0,254.7,432.0,FWD,6.5
466,Zirkzee,Joshua,Zirkzee,4,14,60,0.0,64,1385,3,2,3,0,1.0,222.6,212.0,351.0,FWD,6.0
467,Obi,Chido,Obi,4,14,45,0.0,7,160,0,0,0,0,4.7,8.2,5.1,46.0,FWD,4.5
468,Wheatley,Ethan,Wheatley,4,14,45,0.0,0,0,0,0,0,0,0.2,0.0,0.0,0.0,FWD,4.5
469,Pope,Nick,Pope,1,15,50,0.0,102,2520,0,0,8,88,3.8,666.0,10.0,0.0,GK,5.0
471,Gillespie,Mark,Gillespie,1,15,40,0.0,0,0,0,0,0,0,0.1,0.0,0.0,0.0,GK,4.0
472,Odysseas,Odysseas,Vlachodimos,1,15,40,0.0,0,0,0,0,0,0,0.1,0.0,0.0,0.0,GK,4.0
473,Hall,Lewis,Hall,2,15,55,0.0,102,2188,0,7,8,0,2.7,561.6,561.2,128.0,DEF,5.5
474,Schär,Fabian,Schär,2,15,55,0.0,118,2935,4,2,11,0,2.3,743.2,111.5,346.0,DEF,5.5
475,Botman,Sven,Botman,2,15,50,0.0,18,412,0,0,2,0,0.5,110.4,28.4,96.0,DEF,5.0
476,Burn,Dan,Burn,2,15,50,0.0,115,3330,1,1,13,0,3.2,736.6,123.6,297.0,DEF,5.0
477,Livramento,Tino,Livramento,2,15,50,0.0,105,2835,0,1,10,0,4.2,567.4,406.2,127.0,DEF,5.0
478,Trippier,Kieran,Trippier,2,15,50,0.0,72,1299,0,3,6,0,1.5,319.4,406.8,33.0,DEF,5.0
479,Krafth,Emil,Krafth,2,15,45,0.0,17,334,0,0,1,0,0.1,59.2,19.7,13.0,DEF,4.5
480,Lascelles,Jamaal,Lascelles,2,15,45,0.0,0,0,0,0,0,0,0.1,0.0,0.0,0.0,DEF,4.5
481,A.Murphy,Alex,Murphy,2,15,40,0.0,0,0,0,0,0,0,0.8,0.0,0.0,0.0,DEF,4.0
482,Ashby,Harrison,Ashby,2,15,40,0.0,0,0,0,0,0,0,0.2,0.0,0.0,0.0,DEF,4.0
483,Pivas,Miodrag,Pivaš,2,15,40,0.0,0,0,0,0,0,0,0.2,0.0,0.0,0.0,DEF,4.0
484,Targett,Matt,Targett,2,15,40,0.0,2,20,0,0,0,0,0.5,5.0,5.6,0.0,DEF,4.0
485,Gordon,Anthony,Gordon,3,15,75,0.0,124,2428,6,6,10,0,3.0,537.0,777.3,655.0,MID,7.5
486,Elanga,Anthony,Elanga,3,15,70,0.0,153,2496,6,11,12,0,9.7,627.0,785.4,582.0,MID,7.0
487,Barnes,Harvey,Barnes,3,15,65,0.0,130,1746,9,5,6,0,0.5,522.2,407.1,701.0,MID,6.5
488,Bruno G.,Bruno,Guimarães Rodriguez Moura,3,15,65,0.0,135,3273,5,6,13,0,1.5,723.0,796.0,454.0,MID,6.5
489,J.Murphy,Jacob,Murphy,3,15,65,0.0,159,2356,8,13,11,0,2.9,713.4,625.2,519.0,MID,6.5
490,Joelinton,Joelinton Cássio,Apolinário de Lira,3,15,60,0.0,99,2394,4,4,10,0,0.4,469.8,389.3,465.0,MID,6.0
491,Tonali,Sandro,Tonali,3,15,55,0.0,106,2625,4,2,11,0,2.3,539.4,496.3,299.0,MID,5.5
492,Antoñito C.,Antoñito,Cordero Campillo,3,15,50,0.0,0,0,0,0,0,0,0.1,0.0,0.0,0.0,MID,5.0
494,Willock,Joe,Willock,3,15,50,0.0,46,1065,0,2,4,0,0.2,172.8,273.8,197.0,MID,5.0
495,Hayden,Isaac,Hayden,3,15,45,0.0,0,0,0,0,0,0,0.1,0.0,0.0,0.0,MID,4.5
496,Kuol,Garang,Kuol,3,15,45,0.0,0,0,0,0,0,0,0.1,0.0,0.0,0.0,MID,4.5
497,L.Miley,Lewis,Miley,3,15,45,0.0,21,304,1,0,0,0,3.2,87.4,33.5,45.0,MID,4.5
498,White,Joe,White,3,15,45,0.0,0,0,0,0,0,0,0.1,0.0,0.0,0.0,MID,4.5
499,Isak,Alexander,Isak,4,15,105,0.0,211,2758,23,6,12,0,27.5,1043.0,573.1,1320.0,FWD,10.5
500,Osula,William,Osula,4,15,55,0.0,19,124,1,0,0,0,0.2,42.4,25.1,37.0,FWD,5.5
501,Neave,Sean,Neave,4,15,45,0.0,0,0,0,0,0,0,0.3,0.0,0.0,0.0,FWD,4.5
674,Ramsdale,Aaron,Ramsdale,1,15,50,0.0,0,0,0,0,0,0,0.2,0.0,0.0,0.0,GK,5.0
502,Sels,Matz,Sels,1,16,50,0.0,150,3420,0,1,13,120,18.0,942.2,20.2,0.0,GK,5.0
503,C.Miguel,Carlos Miguel,dos Santos Pereira,1,16,40,0.0,0,0,0,0,0,0,0.3,0.0,0.0,0.0,GK,4.0
504,Turner,Matt,Turner,1,16,40,0.0,0,0,0,0,0,0,1.4,0.0,0.0,0.0,GK,4.0
505,Milenković,Nikola,Milenković,2,16,55,0.0,145,3330,5,2,13,0,8.9,805.2,107.9,361.0,DEF,5.5
506,Murillo,Murillo,Costa dos Santos,2,16,55,0.0,130,3188,2,0,12,0,4.8,927.2,211.2,201.0,DEF,5.5
507,Aina,Ola,Aina,2,16,50,0.0,128,2996,2,1,12,0,17.6,578.2,282.3,80.0,DEF,5.0
508,N.Williams,Neco,Williams,2,16,50,0.0,109,2588,1,3,10,0,4.1,628.4,305.3,244.0,DEF,5.0
509,David Carmo,David,Mota Veiga Teixeira do Carmo,2,16,45,0.0,0,0,0,0,0,0,0.1,0.0,0.0,0.0,DEF,4.5
510,Jair Cunha,Jair,Paula da Cunha Filho,2,16,45,0.0,0,0,0,0,0,0,0.1,0.0,0.0,0.0,DEF,4.5
511,Morato,Felipe,Rodrigues da Silva,2,16,45,0.0,36,891,0,0,3,0,0.1,205.2,10.8,22.0,DEF,4.5
512,O.Richards,Omar,Richards,2,16,45,0.0,0,0,0,0,0,0,0.1,0.0,0.0,0.0,DEF,4.5
513,Abbott,Zach,Abbott,2,16,40,0.0,0,0,0,0,0,0,0.3,0.0,0.0,0.0,DEF,4.0
514,Boly,Willy,Boly,2,16,40,0.0,6,146,0,0,0,0,0.6,51.0,0.4,17.0,DEF,4.0
515,Gibbs-White,Morgan,Gibbs-White,3,16,75,0.0,154,2806,7,11,13,0,4.7,680.4,793.7,632.0,MID,7.5
516,Hudson-Odoi,Callum,Hudson-Odoi,3,16,60,0.0,103,2190,5,3,11,0,1.8,445.6,663.9,405.0,MID,6.0
517,Anderson,Elliot,Anderson,3,16,55,0.0,107,2726,2,6,13,0,4.2,638.8,605.2,308.0,MID,5.5
518,Jota,João Pedro,Ferreira da Silva,3,16,55,0.0,52,835,3,2,1,0,0.1,221.8,182.9,239.0,MID,5.5
519,Dominguez,Nicolás,Domínguez,3,16,50,0.0,54,1954,0,1,7,0,0.0,410.2,247.2,237.0,MID,5.0
520,O'Brien,Lewis,O'Brien,3,16,50,0.0,0,0,0,0,0,0,0.0,0.0,0.0,0.0,MID,5.0
521,Sangaré,Ibrahim,Sangaré,3,16,50,0.0,20,584,0,1,2,0,0.1,130.6,80.3,21.0,MID,5.0
522,Yates,Ryan,Yates,3,16,50,0.0,67,1901,2,2,6,0,0.2,344.4,241.1,265.0,MID,5.0
523,Da Silva Moreira,Eric,da Silva Moreira,3,16,45,0.0,2,28,0,0,0,0,0.2,5.2,0.3,0.0,MID,4.5
524,Stamenic,Marko,Stamenić,3,16,45,0.0,0,0,0,0,0,0,0.1,0.0,0.0,0.0,MID,4.5
525,Wood,Chris,Wood,4,16,75,0.0,200,2958,20,3,15,0,16.3,838.4,320.0,900.0,FWD,7.5
526,Igor Jesus,Igor Jesus,Maciel da Cruz,4,16,60,0.0,0,0,0,0,0,0,1.2,0.0,0.0,0.0,FWD,6.0
527,Awoniyi,Taiwo,Awoniyi,4,16,55,0.0,32,398,1,0,1,0,0.8,67.0,40.9,118.0,FWD,5.5
669,Ndoye,Dan,Ndoye,3,16,60,0.0,0,0,0,0,0,0,0.3,0.0,0.0,0.0,MID,6.0
675,Gunn,Angus,Gunn,1,16,40,0.0,0,0,0,0,0,0,0.0,0.0,0.0,0.0,GK,4.0
252,Marc Guiu,Marc,Guiu Paz,4,17,45,0.0,3,71,0,0,0,0,6.3,4.4,11.8,6.0,FWD,4.5
528,Patterson,Anthony,Patterson,1,17,45,0.0,0,0,0,0,0,0,0.5,0.0,0.0,0.0,GK,4.5
529,Moore,Simon,Moore,1,17,40,0.0,0,0,0,0,0,0,0.6,0.0,0.0,0.0,GK,4.0
530,Nna Noukeu,Blondy,Nna Noukeu,1,17,40,0.0,0,0,0,0,0,0,0.2,0.0,0.0,0.0,GK,4.0
531,Ballard,Daniel,Ballard,2,17,45,0.0,0,0,0,0,0,0,0.3,0.0,0.0,0.0,DEF,4.5
532,Hume,Trai,Hume,2,17,45,0.0,0,0,0,0,0,0,0.3,0.0,0.0,0.0,DEF,4.5
533,Alese,Aji,Alese,2,17,40,0.0,0,0,0,0,0,0,0.0,0.0,0.0,0.0,DEF,4.0
534,Anderson,Joe,Anderson,2,17,40,0.0,0,0,0,0,0,0,0.6,0.0,0.0,0.0,DEF,4.0
535,Cirkin,Dennis,Cirkin,2,17,40,0.0,0,0,0,0,0,0,0.2,0.0,0.0,0.0,DEF,4.0
536,Hjelde,Leo Fuhr,Hjelde,2,17,40,0.0,0,0,0,0,0,0,0.0,0.0,0.0,0.0,DEF,4.0
537,Huggins,Niall,Huggins,2,17,40,0.0,0,0,0,0,0,0,0.3,0.0,0.0,0.0,DEF,4.0
538,Johnson,Zak,Johnson,2,17,40,0.0,0,0,0,0,0,0,0.3,0.0,0.0,0.0,DEF,4.0
539,O'Nien,Luke,O'Nien,2,17,40,0.0,0,0,0,0,0,0,0.0,0.0,0.0,0.0,DEF,4.0
540,Pembele,Timothée,Pembélé,2,17,40,0.0,0,0,0,0,0,0,0.3,0.0,0.0,0.0,DEF,4.0
541,Reinildo,Reinildo,Mandava,2,17,40,0.0,0,0,0,0,0,0,8.1,0.0,0.0,0.0,DEF,4.0
542,Seelt,Jenson,Seelt,2,17,40,0.0,0,0,0,0,0,0,0.4,0.0,0.0,0.0,DEF,4.0
543,Adingra,Simon,Adingra,3,17,55,0.0,60,1081,2,3,2,0,2.8,212.4,261.9,337.0,MID,5.5
544,Diarra,Habib,Diarra,3,17,55,0.0,0,0,0,0,0,0,0.1,0.0,0.0,0.0,MID,5.5
545,Roberts,Patrick,Roberts,3,17,55,0.0,0,0,0,0,0,0,0.1,0.0,0.0,0.0,MID,5.5
546,Aleksić,Milan,Aleksić,3,17,50,0.0,0,0,0,0,0,0,0.1,0.0,0.0,0.0,MID,5.0
547,E.Le Fée,Enzo,Le Fée,3,17,50,0.0,0,0,0,0,0,0,1.1,0.0,0.0,0.0,MID,5.0
548,Mundle,Romaine,Mundle,3,17,50,0.0,0,0,0,0,0,0,0.1,0.0,0.0,0.0,MID,5.0
549,Neil,Dan,Neil,3,17,50,0.0,0,0,0,0,0,0,0.1,0.0,0.0,0.0,MID,5.0
550,Poveda,Ian,Poveda-Ocampo,3,17,50,0.0,0,0,0,0,0,0,0.1,0.0,0.0,0.0,MID,5.0
551,Rigg,Chris,Rigg,3,17,50,0.0,0,0,0,0,0,0,0.1,0.0,0.0,0.0,MID,5.0
552,Sadiki,Noah,Sadiki,3,17,50,0.0,0,0,0,0,0,0,0.1,0.0,0.0,0.0,MID,5.0
553,Talbi,Chemsdine,Talbi,3,17,50,0.0,0,0,0,0,0,0,0.2,0.0,0.0,0.0,MID,5.0
554,Ba,Abdoullah,Ba,3,17,45,0.0,0,0,0,0,0,0,0.4,0.0,0.0,0.0,MID,4.5
555,Browne,Alan,Browne,3,17,45,0.0,0,0,0,0,0,0,0.1,0.0,0.0,0.0,MID,4.5
556,Ekwah,Pierre,Ekwah Elimby,3,17,45,0.0,0,0,0,0,0,0,0.1,0.0,0.0,0.0,MID,4.5
557,H.Jones,Harrison,Jones,3,17,45,0.0,0,0,0,0,0,0,0.1,0.0,0.0,0.0,MID,4.5
558,Matete,Jay,Matete,3,17,45,0.0,0,0,0,0,0,0,0.3,0.0,0.0,0.0,MID,4.5
559,Triantis,Nectarios,Triantis,3,17,45,0.0,0,0,0,0,0,0,0.1,0.0,0.0,0.0,MID,4.5
560,Isidor,Wilson,Isidor,4,17,55,0.0,0,0,0,0,0,0,0.4,0.0,0.0,0.0,FWD,5.5
561,Mayenda,Eliezer,Mayenda Dossou,4,17,55,0.0,0,0,0,0,0,0,0.5,0.0,0.0,0.0,FWD,5.5
562,Abdullahi,Ahmed,Abdullahi,4,17,45,0.0,0,0,0,0,0,0,1.1,0.0,0.0,0.0,FWD,4.5
563,Luís Hemir,Luís Hemir,Silva Semedo,4,17,45,0.0,0,0,0,0,0,0,0.3,0.0,0.0,0.0,FWD,4.5
564,Rusyn,Nazarii,Rusyn,4,17,45,0.0,0,0,0,0,0,0,0.3,0.0,0.0,0.0,FWD,4.5
668,Xhaka,Granit,Xhaka,3,17,50,0.0,0,0,0,0,0,0,2.2,0.0,0.0,0.0,MID,5.0
670,Roefs,Robin,Roefs,1,17,45,0.0,0,0,0,0,0,0,0.1,0.0,0.0,0.0,GK,4.5
565,Vicario,Guglielmo,Vicario,1,18,50,0.0,66,2160,0,0,4,68,3.5,587.8,0.0,0.0,GK,5.0
566,Austin,Brandon,Austin,1,18,40,0.0,1,90,0,0,0,2,0.3,20.0,0.0,0.0,GK,4.0
567,Kinsky,Antonín,Kinský,1,18,40,0.0,17,540,0,0,1,24,4.8,208.2,10.1,0.0,GK,4.0
568,Pedro Porro,Pedro,Porro Sauceda,2,18,55,0.0,98,2606,2,6,6,0,11.2,778.4,932.9,200.0,DEF,5.5
569,Romero,Cristian,Romero,2,18,50,0.0,49,1416,1,1,3,0,1.8,343.2,113.1,232.0,DEF,5.0
570,Danso,Kevin,Danso,2,18,45,0.0,16,842,0,0,1,0,0.1,242.0,34.4,72.0,DEF,4.5
571,Davies,Ben,Davies,2,18,45,0.0,28,1329,0,0,3,0,0.1,343.6,42.1,49.0,DEF,4.5
572,Dragusin,Radu,Drăgușin,2,18,45,0.0,24,1250,0,0,2,0,0.0,256.4,58.1,47.0,DEF,4.5
573,Spence,Djed,Spence,2,18,45,0.0,51,1790,1,2,3,0,0.6,433.0,226.6,100.0,DEF,4.5
574,Udogie,Destiny,Udogie,2,18,45,0.0,43,1923,0,1,2,0,7.6,354.8,256.5,132.0,DEF,4.5
575,Van de Ven,Micky,van de Ven,2,18,45,0.0,32,1014,0,2,2,0,18.2,212.0,39.4,57.0,DEF,4.5
576,Phillips,Ashley,Phillips,2,18,40,0.0,0,0,0,0,0,0,0.2,0.0,0.0,0.0,DEF,4.0
577,Takai,Takai,Kōta,2,18,40,0.0,0,0,0,0,0,0,0.4,0.0,0.0,0.0,DEF,4.0
578,Vuskovic,Luka,Vušković,2,18,40,0.0,0,0,0,0,0,0,2.1,0.0,0.0,0.0,DEF,4.0
579,Son,Son,Heung-min,3,18,85,0.0,129,2106,7,10,4,0,2.1,629.6,734.9,707.0,MID,8.5
580,Johnson,Brennan,Johnson,3,18,70,0.0,137,2171,11,6,2,0,3.6,559.6,295.0,761.0,MID,7.0
581,Maddison,James,Maddison,3,18,70,0.0,133,1799,9,8,6,0,2.6,683.4,702.3,495.0,MID,7.0
582,Kudus,Mohammed,Kudus,3,18,65,0.0,106,2589,5,4,7,0,25.6,471.6,552.5,752.0,MID,6.5
583,Kulusevski,Dejan,Kulusevski,3,18,65,0.0,117,2386,7,4,6,0,0.0,613.6,843.8,733.0,MID,6.5
584,Tel,Mathys,Tel,3,18,65,0.0,42,908,2,2,2,0,0.2,183.8,208.3,236.0,MID,6.5
585,Bentancur,Rodrigo,Bentancur,3,18,55,0.0,49,1640,2,0,3,0,0.1,324.6,208.5,165.0,MID,5.5
586,Bergvall,Lucas,Bergvall,3,18,55,0.0,44,1200,0,2,3,0,0.2,237.2,218.7,97.0,MID,5.5
587,Bissouma,Yves,Bissouma,3,18,55,0.0,50,1396,2,0,3,0,0.1,283.8,133.8,59.0,MID,5.5
588,Odobert,Wilson,Odobert,3,18,55,0.0,34,843,1,0,1,0,0.1,101.2,108.6,156.0,MID,5.5
589,Solomon,Manor,Solomon,3,18,55,0.0,0,0,0,0,0,0,0.1,0.0,0.0,0.0,MID,5.5
590,Bryan,Bryan,Gil Salvatierra,3,18,50,0.0,0,0,0,0,0,0,0.1,0.0,0.0,0.0,MID,5.0
591,Gray,Archie,Gray,3,18,50,0.0,45,1750,0,0,2,0,0.2,254.6,71.4,15.0,MID,5.0
592,Moore,Mikey,Moore,3,18,50,0.0,19,359,0,2,0,0,0.1,33.2,45.2,34.0,MID,5.0
593,P.M.Sarr,Pape Matar,Sarr,3,18,50,0.0,71,1901,3,2,2,0,1.9,398.4,257.2,220.0,MID,5.0
594,Min-hyeok,Yang,Min-hyeok,3,18,45,0.0,0,0,0,0,0,0,0.2,0.0,0.0,0.0,MID,4.5
595,Olusesi,Callum,Olusesi,3,18,45,0.0,0,0,0,0,0,0,0.2,0.0,0.0,0.0,MID,4.5
596,Solanke,Dominic,Solanke-Mitchell,4,18,75,0.0,108,2199,9,5,4,0,12.3,505.8,199.8,729.0,FWD,7.5
597,Richarlison,Richarlison,de Andrade,4,18,65,0.0,35,497,4,1,1,0,1.0,180.8,57.1,243.0,FWD,6.5
598,Lankshear,Will,Lankshear,4,18,45,0.0,3,10,0,0,0,0,0.4,0.0,0.0,0.0,FWD,4.5
599,Scarlett,Dane,Scarlett,4,18,45,0.0,6,31,0,1,0,0,0.9,24.4,11.0,17.0,FWD,4.5
673,J.Palhinha,João Maria,Lobo Alves Palhares Costa Palhinha Gonçalves,3,18,55,0.0,0,0,0,0,0,0,0.2,0.0,0.0,0.0,MID,5.5
600,Areola,Alphonse,Areola,1,19,45,0.0,69,2259,0,0,4,82,5.7,619.8,0.0,0.0,GK,4.5
601,Foderingham,Wes,Foderingham,1,19,40,0.0,0,0,0,0,0,0,0.9,0.0,0.0,0.0,GK,4.0
602,Hegyi,Krisztián,Hegyi,1,19,40,0.0,0,0,0,0,0,0,0.4,0.0,0.0,0.0,GK,4.0
603,Diouf,El Hadji Malick,Diouf,2,19,45,0.0,0,0,0,0,0,0,3.4,0.0,0.0,0.0,DEF,4.5
604,Emerson,Emerson,Palmieri dos Santos,2,19,45,0.0,76,2108,2,1,5,0,0.2,420.4,310.9,173.0,DEF,4.5
605,Kilman,Maximilian,Kilman,2,19,45,0.0,82,3348,0,1,6,0,0.4,832.6,203.3,149.0,DEF,4.5
606,Mavropanos,Konstantinos,Mavropanos,2,19,45,0.0,45,2035,0,0,2,0,0.1,497.0,74.9,160.0,DEF,4.5
607,N.Aguerd,Nayef,Aguerd,2,19,45,0.0,0,0,0,0,0,0,0.1,0.0,0.0,0.0,DEF,4.5
608,Scarles,Ollie,Scarles,2,19,45,0.0,29,659,0,0,2,0,0.1,106.4,54.3,24.0,DEF,4.5
609,Todibo,Jean-Clair,Todibo,2,19,45,0.0,54,1824,0,0,5,0,0.1,373.0,37.1,35.0,DEF,4.5
610,Wan-Bissaka,Aaron,Wan-Bissaka,2,19,45,0.0,118,3154,2,6,6,0,31.4,807.4,531.5,188.0,DEF,4.5
611,Casey,Kaelan,Casey,2,19,40,0.0,1,1,0,0,0,0,0.8,2.0,0.0,0.0,DEF,4.0
612,L.Paquetá,Lucas,Tolentino Coelho de Lima,3,19,60,0.0,80,2374,4,1,4,0,1.0,433.2,627.7,267.0,MID,6.0
613,Souček,Tomáš,Souček,3,19,60,0.0,126,2563,9,2,7,0,0.9,672.6,231.8,643.0,MID,6.0
614,Ward-Prowse,James,Ward-Prowse,3,19,60,0.0,51,1433,1,2,5,0,0.4,282.4,378.3,138.0,MID,6.0
615,Summerville,Crysencio,Summerville,3,19,55,0.0,33,776,1,1,2,0,0.0,156.4,246.1,186.0,MID,5.5
616,Álvarez,Edson,Álvarez Velázquez,3,19,50,0.0,40,1769,0,1,3,0,0.2,281.8,213.9,51.0,MID,5.0
617,Cornet,Maxwel,Cornet,3,19,50,0.0,1,71,0,0,0,0,0.1,11.6,3.5,7.0,MID,5.0
618,G.Rodriguez,Guido,Rodríguez,3,19,50,0.0,36,1147,0,1,4,0,0.1,205.4,79.7,29.0,MID,5.0
619,L.Guilherme,Luis Guilherme,Lira dos Santos,3,19,50,0.0,12,139,0,0,0,0,0.1,27.6,49.1,32.0,MID,5.0
620,Earthy,George,Earthy,3,19,45,0.0,0,0,0,0,0,0,0.2,0.0,0.0,0.0,MID,4.5
621,Irving,Andy,Irving,3,19,45,0.0,9,161,0,0,0,0,0.3,37.6,26.5,17.0,MID,4.5
622,Orford,Lewis,Orford,3,19,45,0.0,2,47,0,0,0,0,0.2,6.4,27.6,6.0,MID,4.5
623,Potts,Freddie,Potts,3,19,45,0.0,0,0,0,0,0,0,0.7,0.0,0.0,0.0,MID,4.5
624,Bowen,Jarrod,Bowen,4,19,80,0.0,193,2974,13,11,8,0,20.1,903.0,737.8,1081.0,FWD,8.0
625,Füllkrug,Niclas,Füllkrug,4,19,60,0.0,42,783,3,2,2,0,2.0,187.2,173.3,221.0,FWD,6.0
626,Marshall,Callum,Marshall,4,19,45,0.0,0,0,0,0,0,0,0.8,0.0,0.0,0.0,FWD,4.5
659,Walker-Peters,Kyle,Walker-Peters,2,19,45,0.0,0,0,0,0,0,0,0.5,0.0,0.0,0.0,DEF,4.5
671,Wilson,Callum,Wilson,4,19,60,0.0,0,0,0,0,0,0,0.2,0.0,0.0,0.0,FWD,6.0
627,Johnstone,Sam,Johnstone,1,20,45,0.0,12,630,0,0,0,23,0.2,193.8,10.0,0.0,GK,4.5
628,José Sá,José,Malheiro de Sá,1,20,45,0.0,93,2610,0,0,7,71,2.4,603.4,30.0,0.0,GK,4.5
629,Bentley,Daniel,Bentley,1,20,40,0.0,9,180,0,0,1,8,1.2,60.0,0.0,0.0,GK,4.0
630,King,Tom,King,1,20,40,0.0,1,1,0,0,0,0,2.7,0.0,0.0,0.0,GK,4.0
631,Agbadou,Emmanuel,Agbadou,2,20,45,0.0,45,1410,1,0,4,0,0.3,395.2,57.3,67.0,DEF,4.5
632,Doherty,Matt,Doherty,2,20,45,0.0,75,2105,2,1,6,0,0.2,502.2,179.9,135.0,DEF,4.5
633,H.Bueno,Hugo,Bueno López,2,20,45,0.0,0,0,0,0,0,0,0.1,0.0,0.0,0.0,DEF,4.5
634,Mosquera,Yerson,Mosquera Valdelamar,2,20,45,0.0,3,441,0,0,0,0,0.1,110.2,27.3,21.0,DEF,4.5
635,R.Gomes,Rodrigo,Martins Gomes,2,20,45,0.0,42,794,2,0,1,0,0.1,186.6,180.2,113.0,DEF,4.5
636,S.Bueno,Santiago,Ignacio Bueno,2,20,45,0.0,52,1678,0,0,5,0,0.1,345.4,15.8,80.0,DEF,4.5
637,Toti,Toti,Gomes,2,20,45,0.0,79,2613,0,1,8,0,0.2,617.2,144.2,102.0,DEF,4.5
638,Hoever,Ki-Jana,Hoever,2,20,40,0.0,0,0,0,0,0,0,2.7,0.0,0.0,0.0,DEF,4.0
639,Meupiyou,Bastien,Meupiyou Menadjou,2,20,40,0.0,0,0,0,0,0,0,0.1,0.0,0.0,0.0,DEF,4.0
640,Pedro Lima,Pedro,Cardoso de Lima,2,20,40,0.0,2,69,0,0,0,0,1.4,23.4,34.8,11.0,DEF,4.0
641,Pond,Alfie,Pond,2,20,40,0.0,1,1,0,0,0,0,2.1,0.0,0.0,0.0,DEF,4.0
642,Hee Chan,Hwang,Hee-chan,3,20,60,0.0,37,646,2,1,0,0,0.2,111.6,72.7,84.0,MID,6.0
643,André,André,Trindade da Costa Neto,3,20,55,0.0,61,2472,0,0,7,0,0.1,383.2,285.5,30.0,MID,5.5
644,Bellegarde,Jean-Ricner,Bellegarde,3,20,55,0.0,90,1666,2,7,6,0,0.1,355.6,422.8,200.0,MID,5.5
645,Fer López,Fer,López González,3,20,55,0.0,0,0,0,0,0,0,0.1,0.0,0.0,0.0,MID,5.5
646,Gomes,João Victor,Gomes da Silva,3,20,55,0.0,87,2975,3,1,6,0,0.1,513.4,428.9,231.0,MID,5.5
647,Guedes,Gonçalo Manuel,Ganchinho Guedes,3,20,55,0.0,62,979,2,4,3,0,0.1,215.8,213.9,217.0,MID,5.5
648,Munetsi,Marshall,Munetsi,3,20,55,0.0,50,1077,2,2,5,0,0.1,176.8,132.9,212.0,MID,5.5
649,B.Traore,Boubacar,Traoré,3,20,50,0.0,1,1,0,0,0,0,0.0,4.0,0.0,0.0,MID,5.0
650,Chirewa,Tawanda,Chirewa,3,20,45,0.0,0,0,0,0,0,0,0.3,0.0,0.0,0.0,MID,4.5
651,Edozie,Tom,Edozie,3,20,45,0.0,0,0,0,0,0,0,0.4,0.0,0.0,0.0,MID,4.5
652,Gonzalez,Enso,González Medina,3,20,45,0.0,0,0,0,0,0,0,1.4,0.0,0.0,0.0,MID,4.5
653,Hodge,Joe,Hodge,3,20,45,0.0,0,0,0,0,0,0,0.4,0.0,0.0,0.0,MID,4.5
654,Strand Larsen,Jørgen,Strand Larsen,4,20,65,0.0,145,2587,14,4,7,0,5.9,646.8,303.4,848.0,FWD,6.5
655,Fábio Silva,Fábio,Soares Silva,4,20,50,0.0,0,0,0,0,0,0,0.7,0.0,0.0,0.0,FWD,5.0
656,Kalajdžić,Saša,Kalajdžić,4,20,50,0.0,0,0,0,0,0,0,0.2,0.0,0.0,0.0,FWD,5.0
657,Chiwome,Leon,Chiwome,4,20,45,0.0,0,0,0,0,0,0,0.1,0.0,0.0,0.0,FWD,4.5
658,Fraser,Nathan,Fraser,4,20,45,0.0,0,0,0,0,0,0,2.6,0.0,0.0,0.0,FWD,4.5
663,J.Arias,Jhon,Arias,3,20,55,0.0,0,0,0,0,0,0,1.1,0.0,0.0,0.0,MID,5.5
